Environment variables with visibility "Plain text" and "Sensitive" loaded from the "production" environment on EAS: EXPO_PUBLIC_REVENUECAT_ANDROID_KEY, EXPO_PUBLIC_REVENUECAT_IOS_KEY.

✔ Using remote iOS credentials (Expo server)

Distribution Certificate is not validated for non-interactive builds.
Using App Store Connect API Key from EAS credentials service.
- Fetching Apple provisioning profiles
✔ Fetched Apple provisioning profiles

Project Credentials Configuration

Project                   @sinjingallegos/my-app
Bundle Identifier         com.masongallegos.itsadventuretime
                          
App Store Configuration   
                          
Distribution Certificate  
Serial Number             1CF286B09CDB2E9F1F5936E12343332
Expiration Date           Fri, 16 Jul 2027 00:04:16 MDT
Apple Team                2AU7KFCM84 (Mason Gallegos (Individual))
Updated                   5 days ago
                          
Provisioning Profile      
Developer Portal ID       MQWRXHA955
Status                    active
Expiration                Fri, 16 Jul 2027 00:04:16 MDT
Apple Team                2AU7KFCM84 (Mason Gallegos (Individual))
Updated                   4 days ago
                          
All credentials are ready to build @sinjingallegos/my-app (com.masongallegos.itsadventuretime)

- Compressing project files
Skipping project fingerprint
[SETUP_WORKINGDIR] Preparing workingdir /var/folders/qt/kpfgjxmx6m5clksryb0r58gw0000gn/T/eas-build-local-nodejs/03d30f9d-224b-4cb4-9bc0-6e8443183496
[START_BUILD] Starting build
  "job": {
    "type": "managed",
    "platform": "ios",
    "projectArchive": {
      "type": "PATH",
      "path": "/var/folders/qt/kpfgjxmx6m5clksryb0r58gw0000gn/T/eas-cli-nodejs/bf72e4a0-f42b-4b58-8378-cc22ad648101.tar.gz"
    },
    "projectRootDirectory": ".",
    "builderEnvironment": {
      "env": {}
    },
    "cache": {
      "disabled": false,
      "paths": [],
      "clear": false
    },
    "updates": {},
    "scheme": "ItsAdventureTime",
    "environment": "production",
    "username": "sinjingallegos",
    "experimental": {},
    "mode": "build",
    "triggeredBy": "EAS_CLI",
    "appId": "02cac41b-21af-4ee7-bda0-26b4042a9013",
    "initiatingUserId": "07ee2280-99a4-4835-b97f-c422face7e32"
  }
Local build, skipping project archive refresh
[READ_EAS_JSON] Using eas.json:
[READ_EAS_JSON] {
  "cli": {
    "version": ">= 5.2.0",
    "appVersionSource": "local"
  },
  "build": {
    "development": {
      "developmentClient": true,
      "distribution": "internal",
      "environment": "development",
      "ios": {
        "scheme": "ItsAdventureTime",
        "resourceClass": "m-medium"
      }
    },
    "preview": {
      "distribution": "internal",
      "channel": "preview",
      "environment": "preview",
      "ios": {
        "scheme": "ItsAdventureTime",
        "resourceClass": "m-medium"
      }
    },
    "production": {
      "environment": "production",
      "ios": {
        "scheme": "ItsAdventureTime",
        "resourceClass": "m-medium"
      }
    }
  },
  "submit": {
    "production": {
      "ios": {
        "ascAppId": "6758251454",
        "appleId": "sinjin.gallegos@aol.com",
        "appleTeamId": "2AU7KFCM84"
      }
    }
  }
}

[READ_PACKAGE_JSON] Using package.json:
[READ_PACKAGE_JSON] {
  "name": "my-app",
  "main": "index.js",
  "version": "1.0.0",
  "scripts": {
    "dev": "EXPO_PACKAGER_PROXY_URL=https://$REPLIT_DEV_DOMAIN REACT_NATIVE_PACKAGER_HOSTNAME=$REPLIT_DEV_DOMAIN npx expo start",
    "start": "npx expo start",
    "android": "npx expo start --android",
    "ios": "npx expo start --ios",
    "web": "npx expo start --web",
    "lint": "npx expo lint",
    "check:format": "prettier --check \"**/*.{js,ts,tsx,css,json}\"",
    "format": "prettier --write \"**/*.{js,ts,tsx,css,json}\""
  },
  "dependencies": {
    "@expo/vector-icons": "^15.0.2",
    "@react-native-async-storage/async-storage": "^2.2.0",
    "@react-navigation/bottom-tabs": "^7.4.0",
    "@react-navigation/elements": "^2.6.3",
    "@react-navigation/native": "^7.1.8",
    "@react-navigation/native-stack": "^7.3.16",
    "@sentry/react-native": "~7.2.0",
    "expo": "~54.0.36",
    "expo-asset": "~12.0.13",
    "expo-blur": "~15.0.8",
    "expo-camera": "^17.0.10",
    "expo-constants": "~18.0.9",
    "expo-file-system": "~19.0.23",
    "expo-font": "~14.0.12",
    "expo-glass-effect": "~0.1.10",
    "expo-haptics": "~15.0.8",
    "expo-image": "~3.0.11",
    "expo-image-picker": "~17.0.11",
    "expo-linear-gradient": "~15.0.8",
    "expo-linking": "~8.0.12",
    "expo-location": "~19.0.8",
    "expo-notifications": "~0.32.17",
    "expo-observe": "^57.0.6",
    "expo-sharing": "^14.0.8",
    "expo-sms": "^14.0.8",
    "expo-speech": "~14.0.8",
    "expo-splash-screen": "~31.0.13",
    "expo-status-bar": "~3.0.9",
    "expo-symbols": "~1.0.8",
    "expo-system-ui": "~6.0.9",
    "expo-updates": "~29.0.19",
    "expo-web-browser": "~15.0.11",
    "firebase": "^12.6.0",
    "react": "19.1.0",
    "react-dom": "19.1.0",
    "react-native": "0.81.5",
    "react-native-gesture-handler": "~2.28.0",
    "react-native-get-random-values": "~1.11.0",
    "react-native-keyboard-controller": "1.18.5",
    "react-native-maps": "1.20.1",
    "react-native-purchases": "^9.7.0",
    "react-native-reanimated": "~4.1.1",
    "react-native-safe-area-context": "~5.6.0",
    "react-native-screens": "~4.16.0",
    "react-native-web": "~0.21.0",
    "react-native-worklets": "0.5.1"
  },
  "devDependencies": {
    "@types/react": "~19.1.0",
    "@types/react-native": "^0.72.8",
    "babel-plugin-module-resolver": "^5.0.2",
    "babel-preset-expo": "~54.0.12",
    "eslint": "^9.25.0",
    "eslint-config-expo": "~10.0.0",
    "eslint-config-prettier": "^10.1.8",
    "eslint-plugin-prettier": "^5.5.4",
    "prettier": "3.6.2",
    "typescript": "~5.9.2"
  },
  "private": true
}
[INSTALL_DEPENDENCIES] Running "npm ci --include=dev" in /var/folders/qt/kpfgjxmx6m5clksryb0r58gw0000gn/T/eas-build-local-nodejs/03d30f9d-224b-4cb4-9bc0-6e8443183496/build directory
[INSTALL_DEPENDENCIES] npm warn deprecated inflight@1.0.6: This module is not supported, and leaks memory. Do not use it. Check out lru-cache if you want a good and tested way to coalesce async requests by a key value, which is much more comprehensive and powerful.
[INSTALL_DEPENDENCIES] npm warn deprecated rimraf@3.0.2: Rimraf versions prior to v4 are no longer supported
[INSTALL_DEPENDENCIES] npm warn deprecated glob@7.2.3: Glob versions prior to v9 are no longer supported
[INSTALL_DEPENDENCIES] npm warn deprecated glob@7.2.3: Glob versions prior to v9 are no longer supported
[INSTALL_DEPENDENCIES] npm warn deprecated glob@7.2.3: Glob versions prior to v9 are no longer supported
[INSTALL_DEPENDENCIES] npm warn deprecated glob@7.2.3: Glob versions prior to v9 are no longer supported
[INSTALL_DEPENDENCIES] added 1044 packages, and audited 1045 packages in 17s
[INSTALL_DEPENDENCIES] 
[INSTALL_DEPENDENCIES] 180 packages are looking for funding
[INSTALL_DEPENDENCIES]   run `npm fund` for details
[INSTALL_DEPENDENCIES] 33 vulnerabilities (1 low, 19 moderate, 10 high, 3 critical)
[INSTALL_DEPENDENCIES] 
[INSTALL_DEPENDENCIES] To address issues that do not require attention, run:
[INSTALL_DEPENDENCIES]   npm audit fix
[INSTALL_DEPENDENCIES] 
[INSTALL_DEPENDENCIES] To address all issues (including breaking changes), run:
[INSTALL_DEPENDENCIES]   npm audit fix --force
[INSTALL_DEPENDENCIES] 
[INSTALL_DEPENDENCIES] Run `npm audit` for details.
[INSTALL_DEPENDENCIES] npm warn allow-scripts 5 packages have install scripts not yet covered by allowScripts:
[INSTALL_DEPENDENCIES] npm warn allow-scripts   @firebase/util@1.13.0 (postinstall: node ./postinstall.js)
[INSTALL_DEPENDENCIES] npm warn allow-scripts   @sentry/cli@2.55.0 (postinstall: node ./scripts/install.js)
[INSTALL_DEPENDENCIES] npm warn allow-scripts   fsevents@2.3.3 (install: (install scripts present))
[INSTALL_DEPENDENCIES] npm warn allow-scripts   protobufjs@7.5.4 (postinstall: node scripts/postinstall)
[INSTALL_DEPENDENCIES] npm warn allow-scripts   unrs-resolver@1.11.1 (postinstall: napi-postinstall unrs-resolver 1.11.1 check)
[INSTALL_DEPENDENCIES] npm warn allow-scripts
[INSTALL_DEPENDENCIES] npm warn allow-scripts Run `npm approve-scripts --allow-scripts-pending` to review, or `npm approve-scripts <pkg>` to allow.
The NODE_ENV environment variable is required but was not specified. Ensure the project is bundled with Expo CLI or NODE_ENV is set.
Proceeding without mode-specific .env
[READ_APP_CONFIG] Using app configuration:
[READ_APP_CONFIG] {
  "name": "Its Adventure Time",
  "slug": "my-app",
  "owner": "sinjingallegos",
  "icon": "./assets/images/icon.png",
  "reactCompiler": false,
  "version": "2.0.0",
  "runtimeVersion": {
    "policy": "sdkVersion"
  },
  "plugins": [
    [
      "expo-location",
      {
        "locationWhenInUsePermission": "Its Adventure Time uses your location for the live trail map, nearby trail and offroader discovery, route and distance tracking during adventures, turn-by-turn voice guidance, AR trail markers, live convoy sharing, and emergency SOS. For example, when you start an adventure your GPS coordinates are recorded along the route, and if you trigger SOS your current location is shared with emergency contacts.",
        "locationAlwaysAndWhenInUsePermission": false,
        "locationAlwaysPermission": false,
        "isIosBackgroundLocationEnabled": false,
        "isAndroidBackgroundLocationEnabled": false,
        "isAndroidForegroundServiceEnabled": false
      }
    ],
    [
      "expo-camera",
      {
        "cameraPermission": "Its Adventure Time needs camera access for AI Recovery Scan to analyze recovery situations and provide equipment recommendations.",
        "microphonePermission": false,
        "recordAudioAndroid": false
      }
    ]
  ],
  "ios": {
    "bundleIdentifier": "com.masongallegos.itsadventuretime",
    "buildNumber": "6",
    "infoPlist": {
      "ITSAppUsesNonExemptEncryption": false
    }
  },
  "extra": {
    "eas": {
      "projectId": "02cac41b-21af-4ee7-bda0-26b4042a9013"
    }
  },
  "sdkVersion": "54.0.0",
  "platforms": [
    "ios",
    "android",
    "web"
  ],
  "android": {
    "permissions": [
      "android.permission.ACCESS_COARSE_LOCATION",
      "android.permission.ACCESS_FINE_LOCATION",
      "android.permission.CAMERA"
    ]
  }
}
[RUN_EXPO_DOCTOR] Running "expo doctor"
[RUN_EXPO_DOCTOR] Running 18 checks on your project...
[RUN_EXPO_DOCTOR] 16/18 checks passed. 2 checks failed. Possible issues detected:
[RUN_EXPO_DOCTOR] Use the --verbose flag to see more details about passed checks.
[RUN_EXPO_DOCTOR] ✖ Check dependencies for packages that should not be installed directly
[RUN_EXPO_DOCTOR] The package  "@types/react-native" should not be installed directly in your project, as types are included with the "react-native" package.
[RUN_EXPO_DOCTOR] Advice:
[RUN_EXPO_DOCTOR] Remove these packages from your package.json.
[RUN_EXPO_DOCTOR] 
[RUN_EXPO_DOCTOR] ✖ Check that no duplicate dependencies are installed
[RUN_EXPO_DOCTOR] Your project contains duplicate native module dependencies, which should be de-duplicated.
[RUN_EXPO_DOCTOR] Native builds may only contain one version of any given native module, and having multiple versions of a single Native module installed may lead to unexpected build errors.
[RUN_EXPO_DOCTOR] Found duplicates for expo-eas-client:
[RUN_EXPO_DOCTOR]   ├─ expo-eas-client@1.0.8 (at: node_modules/expo-eas-client)
[RUN_EXPO_DOCTOR]   └─ expo-eas-client@57.0.1 (at: node_modules/expo-observe/node_modules/expo-eas-client)
[RUN_EXPO_DOCTOR] Found duplicates for expo-updates-interface:
[RUN_EXPO_DOCTOR]   ├─ expo-updates-interface@2.0.0 (at: node_modules/expo-updates-interface)
[RUN_EXPO_DOCTOR]   └─ expo-updates-interface@57.0.1 (at: node_modules/expo-app-metrics/node_modules/expo-updates-interface)
[RUN_EXPO_DOCTOR] Advice:
[RUN_EXPO_DOCTOR] Resolve your dependency issues and deduplicate your dependencies. Learn more: https://expo.fyi/resolving-dependency-issues
[RUN_EXPO_DOCTOR] 2 checks failed, indicating possible issues with the project.
[RUN_EXPO_DOCTOR] Command "expo doctor" failed.
Error: npx -y expo-doctor exited with non-zero code: 1
    at ChildProcess.completionListener (/Users/sinjin/.npm/_npx/756654f2afba6a4f/node_modules/@expo/spawn-async/build/spawnAsync.js:113:23)
    at Object.onceWrapper (node:events:631:12)
    at ChildProcess.emit (node:events:509:20)
    at ChildProcess.emit (node:domain:473:12)
    at maybeClose (node:internal/child_process:1125:16)
    at ChildProcess._handle.onexit (node:internal/child_process:305:5)
    ...
    at spawnAsync (/Users/sinjin/.npm/_npx/756654f2afba6a4f/node_modules/@expo/spawn-async/build/spawnAsync.js:9:23)
    at spawn (/Users/sinjin/.npm/_npx/756654f2afba6a4f/node_modules/@expo/turtle-spawn/dist/index.js:16:47)
    at runExpoDoctor (/Users/sinjin/.npm/_npx/756654f2afba6a4f/node_modules/@expo/build-tools/dist/common/setup.js:139:52)
    at async /Users/sinjin/.npm/_npx/756654f2afba6a4f/node_modules/@expo/build-tools/dist/common/setup.js:118:17
    at async BuildContext.runBuildPhase (/Users/sinjin/.npm/_npx/756654f2afba6a4f/node_modules/@expo/build-tools/dist/context.js:126:28)
    at async setupAsync (/Users/sinjin/.npm/_npx/756654f2afba6a4f/node_modules/@expo/build-tools/dist/common/setup.js:116:9)
    at async buildAsync (/Users/sinjin/.npm/_npx/756654f2afba6a4f/node_modules/@expo/build-tools/dist/builders/ios.js:53:5)
    at async runBuilderWithHooksAsync (/Users/sinjin/.npm/_npx/756654f2afba6a4f/node_modules/@expo/build-tools/dist/builders/common.js:12:13)
    at async Object.iosBuilder (/Users/sinjin/.npm/_npx/756654f2afba6a4f/node_modules/@expo/build-tools/dist/builders/ios.js:40:16)
    at async buildIosAsync (/Users/sinjin/.npm/_npx/756654f2afba6a4f/node_modules/eas-cli-local-build-plugin/dist/ios.js:43:12)
[PREPARE_CREDENTIALS] Preparing credentials
[PREPARE_CREDENTIALS] Creating keychain
[PREPARE_CREDENTIALS] Preparing credentials for target 'ItsAdventureTime'
[PREPARE_CREDENTIALS] Getting distribution certificate fingerprint and common name
[PREPARE_CREDENTIALS] Fingerprint = "1E2DCB7159AEA5576CAF9F2BBA72DD471B0D7630", common name = iPhone Distribution: Mason Gallegos (2AU7KFCM84)
[PREPARE_CREDENTIALS] Writing distribution certificate to /var/folders/qt/kpfgjxmx6m5clksryb0r58gw0000gn/T/4fe4cf11-3f06-4f90-9fce-16017639a648.p12
[PREPARE_CREDENTIALS] Importing distribution certificate into the keychain
[PREPARE_CREDENTIALS] Initializing provisioning profile
[PREPARE_CREDENTIALS] Validating whether the distribution certificate has been imported successfully
[PREPARE_CREDENTIALS] Verifying whether the distribution certificate and provisioning profile match
[PREBUILD] The ios project is malformed, project files will be cleared and reinitialized.
[PREBUILD] - Clearing ios
[PREBUILD] ✔ Cleared ios code
[PREBUILD] - Creating native directory (./ios)
[PREBUILD] ✔ Created native directory
[PREBUILD] - Updating package.json
[PREBUILD] ✔ Updated package.json | no changes
[PREBUILD] - Running prebuild
[PREBUILD] ✔ Finished prebuild
[PREBUILD] Running "npm install --include=dev" in /var/folders/qt/kpfgjxmx6m5clksryb0r58gw0000gn/T/eas-build-local-nodejs/03d30f9d-224b-4cb4-9bc0-6e8443183496/build directory
[PREBUILD] up to date, audited 1045 packages in 3s
[PREBUILD] 
[PREBUILD] 180 packages are looking for funding
[PREBUILD] run `npm fund` for details
[PREBUILD] 33 vulnerabilities (1 low, 19 moderate, 10 high, 3 critical)
[PREBUILD] 
[PREBUILD] To address issues that do not require attention, run:
[PREBUILD]   npm audit fix
[PREBUILD] 
[PREBUILD] To address all issues (including breaking changes), run:
[PREBUILD]   npm audit fix --force
[PREBUILD] 
[PREBUILD] Run `npm audit` for details.
[PREBUILD] npm warn allow-scripts 5 packages have install scripts not yet covered by allowScripts:
[PREBUILD] npm warn allow-scripts   @firebase/util@1.13.0 (postinstall: node ./postinstall.js)
[PREBUILD] npm warn allow-scripts   @sentry/cli@2.55.0 (postinstall: node ./scripts/install.js)
[PREBUILD] npm warn allow-scripts   fsevents@2.3.3 (install: (install scripts present))
[PREBUILD] npm warn allow-scripts   protobufjs@7.5.4 (postinstall: node scripts/postinstall)
[PREBUILD] npm warn allow-scripts   unrs-resolver@1.11.1 (postinstall: napi-postinstall unrs-resolver 1.11.1 check)
[PREBUILD] npm warn allow-scripts
[PREBUILD] npm warn allow-scripts Run `npm approve-scripts --allow-scripts-pending` to review, or `npm approve-scripts <pkg>` to allow.
[RESTORE_CACHE] Local builds do not support restoring cache
[INSTALL_PODS] Using Expo modules
[INSTALL_PODS] [Expo] Enabling modular headers for pod ExpoModulesCore
[INSTALL_PODS] [Expo] Enabling modular headers for pod React-RCTAppDelegate
[INSTALL_PODS] [Expo] Enabling modular headers for pod React-RCTFabric
[INSTALL_PODS] [Expo] Enabling modular headers for pod ReactAppDependencyProvider
[INSTALL_PODS] [Expo] Enabling modular headers for pod React-Core
[INSTALL_PODS] [Expo] Enabling modular headers for pod ReactCodegen
[INSTALL_PODS] [Expo] Enabling modular headers for pod RCTRequired
[INSTALL_PODS] [Expo] Enabling modular headers for pod RCTTypeSafety
[INSTALL_PODS] [Expo] Enabling modular headers for pod ReactCommon
[INSTALL_PODS] [Expo] Enabling modular headers for pod React-NativeModulesApple
[INSTALL_PODS] [Expo] Enabling modular headers for pod Yoga
[INSTALL_PODS] [Expo] Enabling modular headers for pod React-Fabric
[INSTALL_PODS] [Expo] Enabling modular headers for pod React-graphics
[INSTALL_PODS] [Expo] Enabling modular headers for pod React-utils
[INSTALL_PODS] [Expo] Enabling modular headers for pod React-featureflags
[INSTALL_PODS] [Expo] Enabling modular headers for pod React-debug
[INSTALL_PODS] [Expo] Enabling modular headers for pod React-ImageManager
[INSTALL_PODS] [Expo] Enabling modular headers for pod React-rendererdebug
[INSTALL_PODS] [Expo] Enabling modular headers for pod React-jsi
[INSTALL_PODS] [Expo] Enabling modular headers for pod React-renderercss
[INSTALL_PODS] [Expo] Enabling modular headers for pod hermes-engine
[INSTALL_PODS] [Expo] Enabling modular headers for pod glog
[INSTALL_PODS] [Expo] Enabling modular headers for pod boost
[INSTALL_PODS] [Expo] Enabling modular headers for pod DoubleConversion
[INSTALL_PODS] [Expo] Enabling modular headers for pod fast_float
[INSTALL_PODS] [Expo] Enabling modular headers for pod fmt
[INSTALL_PODS] [Expo] Enabling modular headers for pod RCT-Folly
[INSTALL_PODS] [Expo] Enabling modular headers for pod SocketRocket
[INSTALL_PODS] [Expo] Enabling modular headers for pod ZXingObjC
[INSTALL_PODS] [Expo] Enabling modular headers for pod SDWebImage
[INSTALL_PODS] [Expo] Enabling modular headers for pod SDWebImageAVIFCoder
[INSTALL_PODS] [Expo] Enabling modular headers for pod SDWebImageSVGCoder
[INSTALL_PODS] [Expo] Enabling modular headers for pod SDWebImageWebPCoder
[INSTALL_PODS] [Expo] Enabling modular headers for pod libavif
[INSTALL_PODS] [Expo] Enabling modular headers for pod EXStructuredHeaders
[INSTALL_PODS] [Expo] Enabling modular headers for pod EXUpdatesInterface
[INSTALL_PODS] [Expo] Enabling modular headers for pod EXManifests
[INSTALL_PODS] [Expo] Enabling modular headers for pod EASClient
[INSTALL_PODS] [Expo] Enabling modular headers for pod ReachabilitySwift
[INSTALL_PODS] Found 12 modules for target `ItsAdventureTime`
[INSTALL_PODS] link_native_modules! {ios_packages: [{configurations: [], name: "@react-native-async-storage/async-storage", root: "/private/var/folders/qt/kpfgjxmx6m5clksryb0r58gw0000gn/T/eas-build-local-nodejs/03d30f9d-224b-4cb4-9bc0-6e8443183496/build/node_modules/@react-native-async-storage/async-storage", path: "../node_modules/@react-native-async-storage/async-storage", podspec_path: "/private/var/folders/qt/kpfgjxmx6m5clksryb0r58gw0000gn/T/eas-build-local-nodejs/03d30f9d-224b-4cb4-9bc0-6e8443183496/build/node_modules/@react-native-async-storage/async-storage/RNCAsyncStorage.podspec", script_phases: []}, {configurations: [], name: "@sentry/react-native", root: "/private/var/folders/qt/kpfgjxmx6m5clksryb0r58gw0000gn/T/eas-build-local-nodejs/03d30f9d-224b-4cb4-9bc0-6e8443183496/build/node_modules/@sentry/react-native", path: "../node_modules/@sentry/react-native", podspec_path: "/private/var/folders/qt/kpfgjxmx6m5clksryb0r58gw0000gn/T/eas-build-local-nodejs/03d30f9d-224b-4cb4-9bc0-6e8443183496/build/node_modules/@sentry/react-native/RNSentry.podspec", script_phases: []}, {configurations: [], name: "expo", root: "/private/var/folders/qt/kpfgjxmx6m5clksryb0r58gw0000gn/T/eas-build-local-nodejs/03d30f9d-224b-4cb4-9bc0-6e8443183496/build/node_modules/expo", path: "../node_modules/expo", podspec_path: "/private/var/folders/qt/kpfgjxmx6m5clksryb0r58gw0000gn/T/eas-build-local-nodejs/03d30f9d-224b-4cb4-9bc0-6e8443183496/build/node_modules/expo/Expo.podspec", script_phases: []}, {configurations: [], name: "react-native-gesture-handler", root: "/private/var/folders/qt/kpfgjxmx6m5clksryb0r58gw0000gn/T/eas-build-local-nodejs/03d30f9d-224b-4cb4-9bc0-6e8443183496/build/node_modules/react-native-gesture-handler", path: "../node_modules/react-native-gesture-handler", podspec_path: "/private/var/folders/qt/kpfgjxmx6m5clksryb0r58gw0000gn/T/eas-build-local-nodejs/03d30f9d-224b-4cb4-9bc0-6e8443183496/build/node_modules/react-native-gesture-handler/RNGestureHandler.podspec", script_phases: []}, {configurations: [], name: "react-native-get-random-values", root: "/private/var/folders/qt/kpfgjxmx6m5clksryb0r58gw0000gn/T/eas-build-local-nodejs/03d30f9d-224b-4cb4-9bc0-6e8443183496/build/node_modules/react-native-get-random-values", path: "../node_modules/react-native-get-random-values", podspec_path: "/private/var/folders/qt/kpfgjxmx6m5clksryb0r58gw0000gn/T/eas-build-local-nodejs/03d30f9d-224b-4cb4-9bc0-6e8443183496/build/node_modules/react-native-get-random-values/react-native-get-random-values.podspec", script_phases: []}, {configurations: [], name: "react-native-keyboard-controller", root: "/private/var/folders/qt/kpfgjxmx6m5clksryb0r58gw0000gn/T/eas-build-local-nodejs/03d30f9d-224b-4cb4-9bc0-6e8443183496/build/node_modules/react-native-keyboard-controller", path: "../node_modules/react-native-keyboard-controller", podspec_path: "/private/var/folders/qt/kpfgjxmx6m5clksryb0r58gw0000gn/T/eas-build-local-nodejs/03d30f9d-224b-4cb4-9bc0-6e8443183496/build/node_modules/react-native-keyboard-controller/react-native-keyboard-controller.podspec", script_phases: []}, {configurations: [], name: "react-native-maps", root: "/private/var/folders/qt/kpfgjxmx6m5clksryb0r58gw0000gn/T/eas-build-local-nodejs/03d30f9d-224b-4cb4-9bc0-6e8443183496/build/node_modules/react-native-maps", path: "../node_modules/react-native-maps", podspec_path: "/private/var/folders/qt/kpfgjxmx6m5clksryb0r58gw0000gn/T/eas-build-local-nodejs/03d30f9d-224b-4cb4-9bc0-6e8443183496/build/node_modules/react-native-maps/react-native-maps.podspec", script_phases: []}, {configurations: [], name: "react-native-purchases", root: "/private/var/folders/qt/kpfgjxmx6m5clksryb0r58gw0000gn/T/eas-build-local-nodejs/03d30f9d-224b-4cb4-9bc0-6e8443183496/build/node_modules/react-native-purchases", path: "../node_modules/react-native-purchases", podspec_path: "/private/var/folders/qt/kpfgjxmx6m5clksryb0r58gw0000gn/T/eas-build-local-nodejs/03d30f9d-224b-4cb4-9bc0-6e8443183496/build/node_modules/react-native-purchases/RNPurchases.podspec", script_phases: []}, {configurations: [], name: "react-native-reanimated", root: "/private/var/folders/qt/kpfgjxmx6m5clksryb0r58gw0000gn/T/eas-build-local-nodejs/03d30f9d-224b-4cb4-9bc0-6e8443183496/build/node_modules/react-native-reanimated", path: "../node_modules/react-native-reanimated", podspec_path: "/private/var/folders/qt/kpfgjxmx6m5clksryb0r58gw0000gn/T/eas-build-local-nodejs/03d30f9d-224b-4cb4-9bc0-6e8443183496/build/node_modules/react-native-reanimated/RNReanimated.podspec", script_phases: []}, {configurations: [], name: "react-native-safe-area-context", root: "/private/var/folders/qt/kpfgjxmx6m5clksryb0r58gw0000gn/T/eas-build-local-nodejs/03d30f9d-224b-4cb4-9bc0-6e8443183496/build/node_modules/react-native-safe-area-context", path: "../node_modules/react-native-safe-area-context", podspec_path: "/private/var/folders/qt/kpfgjxmx6m5clksryb0r58gw0000gn/T/eas-build-local-nodejs/03d30f9d-224b-4cb4-9bc0-6e8443183496/build/node_modules/react-native-safe-area-context/react-native-safe-area-context.podspec", script_phases: []}, {configurations: [], name: "react-native-screens", root: "/private/var/folders/qt/kpfgjxmx6m5clksryb0r58gw0000gn/T/eas-build-local-nodejs/03d30f9d-224b-4cb4-9bc0-6e8443183496/build/node_modules/react-native-screens", path: "../node_modules/react-native-screens", podspec_path: "/private/var/folders/qt/kpfgjxmx6m5clksryb0r58gw0000gn/T/eas-build-local-nodejs/03d30f9d-224b-4cb4-9bc0-6e8443183496/build/node_modules/react-native-screens/RNScreens.podspec", script_phases: []}, {configurations: [], name: "react-native-worklets", root: "/private/var/folders/qt/kpfgjxmx6m5clksryb0r58gw0000gn/T/eas-build-local-nodejs/03d30f9d-224b-4cb4-9bc0-6e8443183496/build/node_modules/react-native-worklets", path: "../node_modules/react-native-worklets", podspec_path: "/private/var/folders/qt/kpfgjxmx6m5clksryb0r58gw0000gn/T/eas-build-local-nodejs/03d30f9d-224b-4cb4-9bc0-6e8443183496/build/node_modules/react-native-worklets/RNWorklets.podspec", script_phases: []}], ios_project_root_path: "/private/var/folders/qt/kpfgjxmx6m5clksryb0r58gw0000gn/T/eas-build-local-nodejs/03d30f9d-224b-4cb4-9bc0-6e8443183496/build/ios", react_native_path: "../node_modules/react-native"}
[INSTALL_PODS] Auto-linking React Native modules for target `ItsAdventureTime`: RNCAsyncStorage, RNGestureHandler, RNPurchases, RNReanimated, RNScreens, RNSentry, RNWorklets, react-native-get-random-values, react-native-keyboard-controller, react-native-maps, and react-native-safe-area-context
[INSTALL_PODS] Framework build type is static library
[INSTALL_PODS] [ReactNativeDependencies] Setting up ReactNativeDependencies...
[INSTALL_PODS] [ReactNativeDependencies] Building from source: false
[INSTALL_PODS] [ReactNativeDependencies] Using release tarball
[INSTALL_PODS] [ReactNativeDependencies] Using tarball from URL: https://repo1.maven.org/maven2/com/facebook/react/react-native-artifacts/0.81.5/react-native-artifacts-0.81.5-reactnative-dependencies-debug.tar.gz
[INSTALL_PODS] % Total    % Received % Xferd  Average Spe
[INSTALL_PODS] ed   Time    Time     Time  Current
[INSTALL_PODS]                                  Dload  Upload   Total   Spent    Left  Speed
[INSTALL_PODS]   0     0    0     0    0     0      0      0 --:--:-- --:--:-- --:--:--     0
[INSTALL_PODS] 1 18.3M    1  193k    0     0   545k      0
[INSTALL_PODS] 0:00:34 --:--:--  0:00:34  544k
[INSTALL_PODS] 100 18.3M  100 18.3M    0     0  18.3M      0  0
[INSTALL_PODS] :00:01  0:00:01 --:--:-- 18.3M
[INSTALL_PODS] % Total    % Received % Xferd  Average Speed   Time    Time     Time  Current
[INSTALL_PODS] Dload  Upload   Total   Spent    Left  Speed
[INSTALL_PODS]   0     0    0     0    0     0      0      0 --:--:-- --:--:-- --:--:--     0
[INSTALL_PODS] 0  9.9M    0 86625    0
[INSTALL_PODS] 0   271k      0  0:00:37 --:--:--  0:00:37  271k
[INSTALL_PODS] 100  9.9M  100  9.9M    0     0  10.9M
[INSTALL_PODS] 0 --:--:-- --:--:-- --:--:-- 10.9M
[INSTALL_PODS] [ReactNativeDependencies] Source: {http: "https://repo1.maven.org/maven2/com/facebook/react/react-native-artifacts/0.81.5/react-native-artifacts-0.81.5-reactnative-dependencies-debug.tar.gz"}
[INSTALL_PODS] [ReactNativeCore] Setting up ReactNativeCore...
[INSTALL_PODS] [ReactNativeCore] Building from source: false
[INSTALL_PODS] [ReactNativeCore] Using tarball from URL: https://repo1.maven.org/maven2/com/facebook/react/react-native-artifacts/0.81.5/react-native-artifacts-0.81.5-reactnative-core-debug.tar.gz
[INSTALL_PODS] % Total    % Received % Xferd  Average Spe
[INSTALL_PODS] ed   Time    Time     Time  Current
[INSTALL_PODS]                                  Dload  Upload   Total   Spent    Left  Speed
[INSTALL_PODS]   0     0    0     0    0     0      0      0 --:--:-- --:--:-- --:--:--     0
[INSTALL_PODS] 0 78.5M    0  169k    0     0   601k
[INSTALL_PODS] 0  0:02:13 --:--:--  0:02:13  599k
[INSTALL_PODS] 37 78.5M   37 29.0M    0     0  21.7M
[INSTALL_PODS] 0  0:00:03  0:00:01  0:00:02 21.7M
[INSTALL_PODS] 88 78.5M   88 69.7M    0     0
[INSTALL_PODS] 31.3M      0  0:00:02  0:00:02 --:--:-- 31.3M
[INSTALL_PODS] 100 78.5M  100 78.5M    0     0  31.9M      0  0:00:0
[INSTALL_PODS] 2  0:00:02 --:--:-- 31.9M
[INSTALL_PODS] % Total    % Received % Xferd  Average Speed
[INSTALL_PODS] Time    Time     Time  Current
[INSTALL_PODS]                                  Dload  Upload   Total   Spent    Left  Speed
[INSTALL_PODS]   0     0    0     0    0     0      0      0 --:--:-- --:--:-- --:--:--     0
[INSTALL_PODS] 38 26.3M   38 10.2M    0     0  14.1M
[INSTALL_PODS] 0  0:00:01 --:--:--  0:00:01 14.1M
[INSTALL_PODS] 100 26.3M  100 26.3M    0     0  23.0M      0
[INSTALL_PODS] 0:00:01  0:00:01 --:--:-- 23.0M
[INSTALL_PODS] [ReactNativeCore] Source: {http: "https://repo1.maven.org/maven2/com/facebook/react/react-native-artifacts/0.81.5/react-native-artifacts-0.81.5-reactnative-core-debug.tar.gz"}
[INSTALL_PODS] Configuring the target with the New Architecture
[INSTALL_PODS] [ReactNativeCore] Using React Native Core and React Native Dependencies prebuilt versions.
[INSTALL_PODS] [36m[1m[Codegen][0m Analyzing /private/var/folders/qt/kpfgjxmx6m5clksryb0r58gw0000gn/T/eas-build-local-nodejs/03d30f9d-224b-4cb4-9bc0-6e8443183496/build/package.json[0m
[INSTALL_PODS] [36m[1m[Codegen][0m [33mSearching for codegen-enabled libraries in the app.[0m
[INSTALL_PODS] [36m[1m[Codegen][0m [33mThe "codegenConfig" field is not defined in package.json. Assuming there is nothing to generate at the app level.[0m
[INSTALL_PODS] [36m[1m[Codegen][0m [33mSearching for codegen-enabled libraries in react-native.config.js[0m
[INSTALL_PODS] [36m[1m[Codegen][0m Found @react-native-async-storage/async-storage[0m
[INSTALL_PODS] [36m[1m[Codegen][0m Found @sentry/react-native[0m
[INSTALL_PODS] [36m[1m[Codegen][0m Found react-native-gesture-handler[0m
[INSTALL_PODS] [36m[1m[Codegen][0m Found react-native-keyboard-controller[0m
[INSTALL_PODS] [36m[1m[Codegen][0m Found react-native-reanimated[0m
[INSTALL_PODS] [36m[1m[Codegen][0m Found react-native-safe-area-context[0m
[INSTALL_PODS] [36m[1m[Codegen][0m Found react-native-screens[0m
[INSTALL_PODS] [36m[1m[Codegen][0m Found react-native-worklets[0m
[INSTALL_PODS] [36m[1m[Codegen][0m Processing rnasyncstorage[0m
[INSTALL_PODS] [36m[1m[Codegen][0m [33mSearching for podspec in the project dependencies.[0m
[INSTALL_PODS] [36m[1m[Codegen][0m Supported Apple platforms: ios, macos, tvos, visionos for rnasyncstorage[0m
[INSTALL_PODS] [36m[1m[Codegen][0m Processing RNSentrySpec[0m
[INSTALL_PODS] [36m[1m[Codegen][0m [33mSearching for podspec in the project dependencies.[0m
[INSTALL_PODS] [36m[1m[Codegen][0m Supported Apple platforms: ios, macos, tvos, visionos for RNSentrySpec[0m
[INSTALL_PODS] [36m[1m[Codegen][0m Processing rngesturehandler_codegen[0m
[INSTALL_PODS] [36m[1m[Codegen][0m [33mSearching for podspec in the project dependencies.[0m
[INSTALL_PODS] [36m[1m[Codegen][0m Supported Apple platforms: ios, macos, tvos, visionos for rngesturehandler_codegen[0m
[INSTALL_PODS] [36m[1m[Codegen][0m Processing reactnativekeyboardcontroller[0m
[INSTALL_PODS] [36m[1m[Codegen][0m [33mSearching for podspec in the project dependencies.[0m
[INSTALL_PODS] [36m[1m[Codegen][0m Supported Apple platforms: ios for reactnativekeyboardcontroller[0m
[INSTALL_PODS] [36m[1m[Codegen][0m Processing rnreanimated[0m
[INSTALL_PODS] [36m[1m[Codegen][0m [33mSearching for podspec in the project dependencies.[0m
[INSTALL_PODS] [36m[1m[Codegen][0m Supported Apple platforms: ios, macos, tvos, visionos for rnreanimated[0m
[INSTALL_PODS] [36m[1m[Codegen][0m Processing safeareacontext[0m
[INSTALL_PODS] [36m[1m[Codegen][0m [33mSearching for podspec in the project dependencies.[0m
[INSTALL_PODS] [36m[1m[Codegen][0m Supported Apple platforms: ios, macos, tvos, visionos for safeareacontext[0m
[INSTALL_PODS] [36m[1m[Codegen][0m Processing rnscreens[0m
[INSTALL_PODS] [36m[1m[Codegen][0m [33mSearching for podspec in the project dependencies.[0m
[INSTALL_PODS] [36m[1m[Codegen][0m Supported Apple platforms: ios, tvos, visionos for rnscreens[0m
[INSTALL_PODS] [36m[1m[Codegen][0m Processing rnworklets[0m
[INSTALL_PODS] [36m[1m[Codegen][0m [33mSearching for podspec in the project dependencies.[0m
[INSTALL_PODS] [36m[1m[Codegen][0m Supported Apple platforms: ios, macos, tvos, visionos for rnworklets[0m
[INSTALL_PODS] [36m[1m[Codegen][0m Generating Native Code for rnasyncstorage - ios[0m
[INSTALL_PODS] [36m[1m[Codegen][0m Generated artifacts: /private/var/folders/qt/kpfgjxmx6m5clksryb0r58gw0000gn/T/eas-build-local-nodejs/03d30f9d-224b-4cb4-9bc0-6e8443183496/build/ios/build/generated/ios[0m
[INSTALL_PODS] [36m[1m[Codegen][0m Generating Native Code for RNSentrySpec - ios[0m
[INSTALL_PODS] [36m[1m[Codegen][0m Generated artifacts: /private/var/folders/qt/kpfgjxmx6m5clksryb0r58gw0000gn/T/eas-build-local-nodejs/03d30f9d-224b-4cb4-9bc0-6e8443183496/build/ios/build/generated/ios[0m
[INSTALL_PODS] [36m[1m[Codegen][0m Generating Native Code for rngesturehandler_codegen - ios[0m
[INSTALL_PODS] [36m[1m[Codegen][0m Generated artifacts: /private/var/folders/qt/kpfgjxmx6m5clksryb0r58gw0000gn/T/eas-build-local-nodejs/03d30f9d-224b-4cb4-9bc0-6e8443183496/build/ios/build/generated/ios[0m
[INSTALL_PODS] [36m[1m[Codegen][0m Generating Native Code for reactnativekeyboardcontroller - ios[0m
[INSTALL_PODS] [36m[1m[Codegen][0m Generated artifacts: /private/var/folders/qt/kpfgjxmx6m5clksryb0r58gw0000gn/T/eas-build-local-nodejs/03d30f9d-224b-4cb4-9bc0-6e8443183496/build/ios/build/generated/ios[0m
[INSTALL_PODS] [36m[1m[Codegen][0m Generating Native Code for rnreanimated - ios[0m
[INSTALL_PODS] [36m[1m[Codegen][0m Generated artifacts: /private/var/folders/qt/kpfgjxmx6m5clksryb0r58gw0000gn/T/eas-build-local-nodejs/03d30f9d-224b-4cb4-9bc0-6e8443183496/build/ios/build/generated/ios[0m
[INSTALL_PODS] [36m[1m[Codegen][0m Generating Native Code for safeareacontext - ios[0m
[INSTALL_PODS] [36m[1m[Codegen][0m Generated artifacts: /private/var/folders/qt/kpfgjxmx6m5clksryb0r58gw0000gn/T/eas-build-local-nodejs/03d30f9d-224b-4cb4-9bc0-6e8443183496/build/ios/build/generated/ios[0m
[INSTALL_PODS] [36m[1m[Codegen][0m Generating Native Code for rnscreens - ios[0m
[INSTALL_PODS] [36m[1m[Codegen][0m Generated artifacts: /private/var/folders/qt/kpfgjxmx6m5clksryb0r58gw0000gn/T/eas-build-local-nodejs/03d30f9d-224b-4cb4-9bc0-6e8443183496/build/ios/build/generated/ios[0m
[INSTALL_PODS] [36m[1m[Codegen][0m Generating Native Code for rnworklets - ios[0m
[INSTALL_PODS] [36m[1m[Codegen][0m Generated artifacts: /private/var/folders/qt/kpfgjxmx6m5clksryb0r58gw0000gn/T/eas-build-local-nodejs/03d30f9d-224b-4cb4-9bc0-6e8443183496/build/ios/build/generated/ios[0m
[INSTALL_PODS] [36m[1m[Codegen][0m Generating RCTThirdPartyComponentsProvider.h[0m
[INSTALL_PODS] [36m[1m[Codegen][0m Generated artifact: /private/var/folders/qt/kpfgjxmx6m5clksryb0r58gw0000gn/T/eas-build-local-nodejs/03d30f9d-224b-4cb4-9bc0-6e8443183496/build/ios/build/generated/ios/RCTThirdPartyComponentsProvider.h[0m
[INSTALL_PODS] [36m[1m[Codegen][0m Generating RCTThirdPartyComponentsProvider.mm[0m
[INSTALL_PODS] [36m[1m[Codegen][0m Generated artifact: /private/var/folders/qt/kpfgjxmx6m5clksryb0r58gw0000gn/T/eas-build-local-nodejs/03d30f9d-224b-4cb4-9bc0-6e8443183496/build/ios/build/generated/ios/RCTThirdPartyComponentsProvider.mm[0m
[INSTALL_PODS] [36m[1m[Codegen][0m Generating RCTModulesProvider.h[0m
[INSTALL_PODS] [36m[1m[Codegen][0m Generated artifact: /private/var/folders/qt/kpfgjxmx6m5clksryb0r58gw0000gn/T/eas-build-local-nodejs/03d30f9d-224b-4cb4-9bc0-6e8443183496/build/ios/build/generated/ios/RCTModuleProviders.h[0m
[INSTALL_PODS] [36m[1m[Codegen][0m Generating RCTModuleProviders.mm[0m
[INSTALL_PODS] [36m[1m[Codegen][0m Generated artifact: /private/var/folders/qt/kpfgjxmx6m5clksryb0r58gw0000gn/T/eas-build-local-nodejs/03d30f9d-224b-4cb4-9bc0-6e8443183496/build/ios/build/generated/ios/RCTModuleProviders.mm[0m
[INSTALL_PODS] [36m[1m[Codegen][0m Generating RCTAppDependencyProvider[0m
[INSTALL_PODS] [36m[1m[Codegen][0m Generated artifact: /private/var/folders/qt/kpfgjxmx6m5clksryb0r58gw0000gn/T/eas-build-local-nodejs/03d30f9d-224b-4cb4-9bc0-6e8443183496/build/ios/build/generated/ios/RCTAppDependencyProvider.h[0m
[INSTALL_PODS] [36m[1m[Codegen][0m Generated artifact: /private/var/folders/qt/kpfgjxmx6m5clksryb0r58gw0000gn/T/eas-build-local-nodejs/03d30f9d-224b-4cb4-9bc0-6e8443183496/build/ios/build/generated/ios/RCTAppDependencyProvider.mm[0m
[INSTALL_PODS] [36m[1m[Codegen][0m Generated podspec: /private/var/folders/qt/kpfgjxmx6m5clksryb0r58gw0000gn/T/eas-build-local-nodejs/03d30f9d-224b-4cb4-9bc0-6e8443183496/build/ios/build/generated/ios/ReactAppDependencyProvider.podspec[0m
[INSTALL_PODS] [36m[1m[Codegen][0m Generated podspec: /private/var/folders/qt/kpfgjxmx6m5clksryb0r58gw0000gn/T/eas-build-local-nodejs/03d30f9d-224b-4cb4-9bc0-6e8443183496/build/ios/build/generated/ios/ReactCodegen.podspec[0m
[INSTALL_PODS] [36m[1m[Codegen][0m [33mDone.[0m
[INSTALL_PODS] Analyzing dependencies
[INSTALL_PODS] Fetching podspec for `React-Core-prebuilt` from `../node_modules/react-native/React-Core-prebuilt.podspec`
[INSTALL_PODS] [ReactNativeCore] Using tarball from URL: https://repo1.maven.org/maven2/com/facebook/react/react-native-artifacts/0.81.5/react-native-artifacts-0.81.5-reactnative-core-debug.tar.gz
[INSTALL_PODS] Fetching podspec for `ReactNativeDependencies` from `../node_modules/react-native/third-party-podspecs/ReactNativeDependencies.podspec`
[INSTALL_PODS] [ReactNativeDependencies] Using release tarball
[INSTALL_PODS] [ReactNativeDependencies] Using tarball from URL: https://repo1.maven.org/maven2/com/facebook/react/react-native-artifacts/0.81.5/react-native-artifacts-0.81.5-reactnative-dependencies-debug.tar.gz
[INSTALL_PODS] Fetching podspec for `hermes-engine` from `../node_modules/react-native/sdks/hermes-engine/hermes-engine.podspec`
[INSTALL_PODS] [Hermes] Using release tarball from URL: https://repo1.maven.org/maven2/com/facebook/react/react-native-artifacts/0.81.5/react-native-artifacts-0.81.5-hermes-ios-debug.tar.gz
[INSTALL_PODS] % Total    % Received % Xferd  Aver
[INSTALL_PODS] age Speed   Time    Time     Time  Current
[INSTALL_PODS]                                  Dload  Upload   Total   Spent    Left  Speed
[INSTALL_PODS]   0     0    0     0    0     0      0      0 --:--:-- --:--:-- --:--:--     0
[INSTALL_PODS] 47 29.0M   47 13.9M    0     0  23.9M
[INSTALL_PODS] 0  0:00:01 --:--:--  0:00:01 23.8M
[INSTALL_PODS] 100 29.0M  100 29.0M    0     0  31.8M
[INSTALL_PODS] 0 --:--:-- --:--:-- --:--:-- 31.8M
[INSTALL_PODS] % Total    % Received % Xferd  Average Speed
[INSTALL_PODS] Time    Time     Time  Current
[INSTALL_PODS]                                  Dload  Upload   Total   Spent    Left  Speed
[INSTALL_PODS]   0     0    0     0    0     0      0      0 --:--:-- --:--:-- --:--:--     0
[INSTALL_PODS] 59 20.3M   59 12.0M    0     0  19.0M      0  0:00:01 --:--:--  0:00:01 19.0M
[INSTALL_PODS] 100 20.3M  100 20.3M    0     0  23.9M
[INSTALL_PODS] 0 --:--:-- --:--:-- --:--:-- 23.9M
[INSTALL_PODS] Downloading dependencies
[INSTALL_PODS] Installing EASClient (1.0.8)
[INSTALL_PODS] Installing EXApplication (7.0.8)
[INSTALL_PODS] Installing EXConstants (18.0.13)
[INSTALL_PODS] Installing EXImageLoader (6.0.0)
[INSTALL_PODS] Installing EXJSONUtils (0.15.0)
[INSTALL_PODS] Installing EXManifests (1.0.11)
[INSTALL_PODS] Installing EXNotifications (0.32.17)
[INSTALL_PODS] Installing EXStructuredHeaders (5.0.0)
[INSTALL_PODS] Installing EXUpdates (29.0.19)
[INSTALL_PODS] Installing EXUpdatesInterface (2.0.0)
[INSTALL_PODS] Installing Expo (54.0.36)
[INSTALL_PODS] Installing ExpoAsset (12.0.13)
[INSTALL_PODS] Installing ExpoBlur (15.0.8)
[INSTALL_PODS] Installing ExpoCamera (17.0.10)
[INSTALL_PODS] Installing ExpoFileSystem (19.0.23)
[INSTALL_PODS] Installing ExpoFont (14.0.12)
[INSTALL_PODS] Installing ExpoGlassEffect (0.1.10)
[INSTALL_PODS] Installing ExpoHaptics (15.0.8)
[INSTALL_PODS] Installing ExpoImage (3.0.11)
[INSTALL_PODS] Installing ExpoImagePicker (17.0.11)
[INSTALL_PODS] Installing ExpoKeepAwake (15.0.8)
[INSTALL_PODS] Installing ExpoLinearGradient (15.0.8)
[INSTALL_PODS] Installing ExpoLinking (8.0.12)
[INSTALL_PODS] Installing ExpoLocation (19.0.8)
[INSTALL_PODS] Installing ExpoModulesCore (3.0.30)
[INSTALL_PODS] Installing ExpoSMS (14.0.8)
[INSTALL_PODS] Installing ExpoSharing (14.0.8)
[INSTALL_PODS] Installing ExpoSpeech (14.0.8)
[INSTALL_PODS] Installing ExpoSplashScreen (31.0.13)
[INSTALL_PODS] Installing ExpoSymbols (1.0.8)
[INSTALL_PODS] Installing ExpoSystemUI (6.0.9)
[INSTALL_PODS] Installing ExpoWebBrowser (15.0.11)
[INSTALL_PODS] Installing FBLazyVector (0.81.5)
[INSTALL_PODS] Installing PurchasesHybridCommon (17.28.0)
[INSTALL_PODS] Installing RCTDeprecation (0.81.5)
[INSTALL_PODS] Installing RCTRequired (0.81.5)
[INSTALL_PODS] Installing RCTTypeSafety (0.81.5)
[INSTALL_PODS] Installing RNCAsyncStorage (2.2.0)
[INSTALL_PODS] Installing RNGestureHandler (2.28.0)
[INSTALL_PODS] Installing RNPurchases (9.7.1)
[INSTALL_PODS] Installing RNReanimated (4.1.6)
[INSTALL_PODS] Installing RNScreens (4.16.0)
[INSTALL_PODS] Installing RNSentry (7.2.0)
[INSTALL_PODS] Installing RNWorklets (0.5.1)
[INSTALL_PODS] Installing ReachabilitySwift (5.2.4)
[INSTALL_PODS] Installing React (0.81.5)
[INSTALL_PODS] Installing React-Core (0.81.5)
[INSTALL_PODS] Installing React-Core-prebuilt (0.81.5)
[INSTALL_PODS] Installing React-CoreModules (0.81.5)
[INSTALL_PODS] Installing React-Fabric (0.81.5)
[INSTALL_PODS] Installing React-FabricComponents (0.81.5)
[INSTALL_PODS] Installing React-FabricImage (0.81.5)
[INSTALL_PODS] Installing React-ImageManager (0.81.5)
[INSTALL_PODS] Installing React-Mapbuffer (0.81.5)
[INSTALL_PODS] Installing React-NativeModulesApple (0.81.5)
[INSTALL_PODS] Installing React-RCTActionSheet (0.81.5)
[INSTALL_PODS] Installing React-RCTAnimation (0.81.5)
[INSTALL_PODS] Installing React-RCTAppDelegate (0.81.5)
[INSTALL_PODS] Installing React-RCTBlob (0.81.5)
[INSTALL_PODS] Installing React-RCTFBReactNativeSpec (0.81.5)
[INSTALL_PODS] Installing React-RCTFabric (0.81.5)
[INSTALL_PODS] Installing React-RCTImage (0.81.5)
[INSTALL_PODS] Installing React-RCTLinking (0.81.5)
[INSTALL_PODS] Installing React-RCTNetwork (0.81.5)
[INSTALL_PODS] Installing React-RCTRuntime (0.81.5)
[INSTALL_PODS] Installing React-RCTSettings (0.81.5)
[INSTALL_PODS] Installing React-RCTText (0.81.5)
[INSTALL_PODS] Installing React-RCTVibration (0.81.5)
[INSTALL_PODS] Installing React-RuntimeApple (0.81.5)
[INSTALL_PODS] Installing React-RuntimeCore (0.81.5)
[INSTALL_PODS] Installing React-RuntimeHermes (0.81.5)
[INSTALL_PODS] Installing React-callinvoker (0.81.5)
[INSTALL_PODS] Installing React-cxxreact (0.81.5)
[INSTALL_PODS] Installing React-debug (0.81.5)
[INSTALL_PODS] Installing React-defaultsnativemodule (0.81.5)
[INSTALL_PODS] Installing React-domnativemodule (0.81.5)
[INSTALL_PODS] Installing React-featureflags (0.81.5)
[INSTALL_PODS] Installing React-featureflagsnativemodule (0.81.5)
[INSTALL_PODS] Installing React-graphics (0.81.5)
[INSTALL_PODS] Installing React-hermes (0.81.5)
[INSTALL_PODS] Installing React-idlecallbacksnativemodule (0.81.5)
[INSTALL_PODS] Installing React-jserrorhandler (0.81.5)
[INSTALL_PODS] Installing React-jsi (0.81.5)
[INSTALL_PODS] Installing React-jsiexecutor (0.81.5)
[INSTALL_PODS] Installing React-jsinspector (0.81.5)
[INSTALL_PODS] Installing React-jsinspectorcdp (0.81.5)
[INSTALL_PODS] Installing React-jsinspectornetwork (0.81.5)
[INSTALL_PODS] Installing React-jsinspectortracing (0.81.5)
[INSTALL_PODS] Installing React-jsitooling (0.81.5)
[INSTALL_PODS] Installing React-jsitracing (0.81.5)
[INSTALL_PODS] Installing React-logger (0.81.5)
[INSTALL_PODS] Installing React-microtasksnativemodule (0.81.5)
[INSTALL_PODS] Installing React-oscompat (0.81.5)
[INSTALL_PODS] Installing React-perflogger (0.81.5)
[INSTALL_PODS] Installing React-performancetimeline (0.81.5)
[INSTALL_PODS] Installing React-rendererconsistency (0.81.5)
[INSTALL_PODS] Installing React-renderercss (0.81.5)
[INSTALL_PODS] Installing React-rendererdebug (0.81.5)
[INSTALL_PODS] Installing React-runtimeexecutor (0.81.5)
[INSTALL_PODS] Installing React-runtimescheduler (0.81.5)
[INSTALL_PODS] Installing React-timing (0.81.5)
[INSTALL_PODS] Installing React-utils (0.81.5)
[INSTALL_PODS] Installing ReactAppDependencyProvider (0.81.5)
[INSTALL_PODS] Installing ReactCodegen (0.81.5)
[INSTALL_PODS] Installing ReactCommon (0.81.5)
[INSTALL_PODS] Installing ReactNativeDependencies (0.81.5)
[INSTALL_PODS] Installing RevenueCat (5.55.1)
[INSTALL_PODS] Installing SDWebImage (5.21.7)
[INSTALL_PODS] Installing SDWebImageAVIFCoder (0.11.1)
[INSTALL_PODS] Installing SDWebImageSVGCoder (1.7.0)
[INSTALL_PODS] Installing SDWebImageWebPCoder (0.14.6)
[INSTALL_PODS] Installing Sentry (8.56.1)
[INSTALL_PODS] Installing Yoga (0.0.0)
[INSTALL_PODS] Installing ZXingObjC (3.6.9)
[INSTALL_PODS] Installing hermes-engine (0.81.5)
[INSTALL_PODS] Installing libavif (1.0.0)
[INSTALL_PODS] Installing libdav1d (1.2.0)
[INSTALL_PODS] Installing libwebp (1.5.0)
[INSTALL_PODS] Installing react-native-get-random-values (1.11.0)
[INSTALL_PODS] Installing react-native-keyboard-controller (1.18.5)
[INSTALL_PODS] Installing react-native-maps (1.20.1)
[INSTALL_PODS] Installing react-native-safe-area-context (5.6.2)
[INSTALL_PODS] Generating Pods project
[INSTALL_PODS] Setting USE_HERMES build settings
[INSTALL_PODS] Setting REACT_NATIVE_PATH build settings
[INSTALL_PODS] Setting SWIFT_ACTIVE_COMPILATION_CONDITIONS build settings
[INSTALL_PODS] [Ccache]: Removing Ccache from CC, LD, CXX & LDPLUSPLUS build settings
[INSTALL_PODS] Setting SWIFT_ENABLE_EXPLICIT_MODULES build settings
[INSTALL_PODS] [SPM] Cleaning old SPM dependencies from Pods project
[INSTALL_PODS] [SPM] Adding SPM dependencies to Pods project
[INSTALL_PODS] [Privacy Manifest Aggregation] No existing PrivacyInfo.xcprivacy file found, creating a new one.
[INSTALL_PODS] [Privacy Manifest Aggregation] Reading .xcprivacy files to aggregate all used Required Reason APIs.
[INSTALL_PODS] file_root: ItsAdventureTime
[INSTALL_PODS] Setting CLANG_CXX_LANGUAGE_STANDARD to c++20 on /private/var/folders/qt/kpfgjxmx6m5clksryb0r58gw0000gn/T/eas-build-local-nodejs/03d30f9d-224b-4cb4-9bc0-6e8443183496/build/ios/ItsAdventureTime.xcodeproj
[INSTALL_PODS] ==================== DEPRECATION NOTICE =====================
[INSTALL_PODS] Calling `pod install` directly is deprecated in React Native
[INSTALL_PODS] because we are moving away from Cocoapods toward alternative
[INSTALL_PODS] solutions to build the project.
[INSTALL_PODS] * If you are using Expo, please run:
[INSTALL_PODS] `npx expo run:ios`
[INSTALL_PODS] * If you are using the Community CLI, please run:
[INSTALL_PODS] `yarn ios`
[INSTALL_PODS] =============================================================
[INSTALL_PODS] Pod install took 47 [s] to run
[INSTALL_PODS] Integrating client project
[INSTALL_PODS] [!] Please close any current Xcode sessions and use `ItsAdventureTime.xcworkspace` for this project from now on.
[INSTALL_PODS] [Expo] Installing the build script for target ItsAdventureTime
[INSTALL_PODS] Pod installation complete! There are 111 dependencies from the Podfile and 122 total pods installed.
[INSTALL_PODS] [Expo] Adding '[Expo Autolinking] Run Codegen with autolinking' build phase to ReactCodegen
[INSTALL_PODS] [!] React-Core-prebuilt has added 1 script phase. Please inspect before executing a build. See `https://guides.cocoapods.org/syntax/podspec.html#script_phases` for more information.
[INSTALL_PODS] [!] ReactNativeDependencies has added 1 script phase. Please inspect before executing a build. See `https://guides.cocoapods.org/syntax/podspec.html#script_phases` for more information.
[INSTALL_PODS] [!] hermes-engine has added 1 script phase. Please inspect before executing a build. See `https://guides.cocoapods.org/syntax/podspec.html#script_phases` for more information.
[CALCULATE_EXPO_UPDATES_RUNTIME_VERSION] Resolved runtime version: exposdk:54.0.0
[CONFIGURE_XCODE_PROJECT] Configuring Xcode project
[CONFIGURE_XCODE_PROJECT] Assigning provisioning profile '*[expo] com.masongallegos.itsadventuretime AppStore 2026-07-16T18:58:02.660Z' (Apple Team ID: 2AU7KFCM84) to target 'ItsAdventureTime'
[EAGER_BUNDLE] Starting Metro Bundler
[EAGER_BUNDLE] iOS ./index.js ░░░░░░░░░░░░░░░░  0.0% (0/1)
[EAGER_BUNDLE] iOS ./index.js ▓▓▓▓▓▓▓▓▓▓▓▓░░░░ 76.9% (1429/1630)
[EAGER_BUNDLE] iOS Bundled 5619ms index.js (2009 modules)
[EAGER_BUNDLE] Writing bundle output to: /var/folders/qt/kpfgjxmx6m5clksryb0r58gw0000gn/T/bf3rgwi0l5/main.jsbundle
[EAGER_BUNDLE] Copying 34 asset files
[EAGER_BUNDLE] Done writing bundle output
[RUN_FASTLANE] Creating Gymfile
[RUN_FASTLANE] Gymfile created
[RUN_FASTLANE] Successfully loaded '/private/var/folders/qt/kpfgjxmx6m5clksryb0r58gw0000gn/T/eas-build-local-nodejs/03d30f9d-224b-4cb4-9bc0-6e8443183496/build/ios/Gymfile' 📄
[RUN_FASTLANE] 
[RUN_FASTLANE] +---------------------------------------------------------------------------------------------------------------------------------------------------------------------+
[RUN_FASTLANE] |                                                                  Detected Values from './Gymfile'                                                                   |
[RUN_FASTLANE] +-----------------------+---------------------------------------------------------------------------------------------------------------------------------------------+
[RUN_FASTLANE] | suppress_xcode_output | true                                                                                                                                        |
[RUN_FASTLANE] | clean                 | false                                                                                                                                       |
[RUN_FASTLANE] | scheme                | ItsAdventureTime                                                                                                                            |
[RUN_FASTLANE] | configuration         | Release                                                                                                                                     |
[RUN_FASTLANE] | export_options        |                                                                                                                                             |
[RUN_FASTLANE] | export_xcargs         | OTHER_CODE_SIGN_FLAGS="--keychain /var/folders/qt/kpfgjxmx6m5clksryb0r58gw0000gn/T/eas-build-b8580012-f509-4263-b8ae-cbd4c09fb4ab.keychain" |
[RUN_FASTLANE] | disable_xcpretty      | true                                                                                                                                        |
[RUN_FASTLANE] | buildlog_path         | /var/folders/qt/kpfgjxmx6m5clksryb0r58gw0000gn/T/eas-build-local-nodejs/03d30f9d-224b-4cb4-9bc0-6e8443183496/logs                           |
[RUN_FASTLANE] | derived_data_path     | ./build                                                                                                                                     |
[RUN_FASTLANE] | result_bundle         | true                                                                                                                                        |
[RUN_FASTLANE] | result_bundle_path    | /var/folders/qt/kpfgjxmx6m5clksryb0r58gw0000gn/T/result-bundle-1784616742469.xcresult                                                       |
[RUN_FASTLANE] | output_directory      | ./build                                                                                                                                     |
[RUN_FASTLANE] +-----------------------+---------------------------------------------------------------------------------------------------------------------------------------------+
[RUN_FASTLANE] Resolving Swift Package Manager dependencies...
[RUN_FASTLANE] $ xcodebuild -resolvePackageDependencies -workspace ./ItsAdventureTime.xcworkspace -scheme ItsAdventureTime -configuration Release -derivedDataPath ./build
[RUN_FASTLANE] ▸ Command line invocation:
[RUN_FASTLANE] ▸     /Applications/Xcode.app/Contents/Developer/usr/bin/xcodebuild -resolvePackageDependencies -workspace ./ItsAdventureTime.xcworkspace -scheme ItsAdventureTime -configuration Release -derivedDataPath ./build
[RUN_FASTLANE] ▸ resolved source packages:
[RUN_FASTLANE] $ xcodebuild -showBuildSettings -workspace ./ItsAdventureTime.xcworkspace -scheme ItsAdventureTime -configuration Release -derivedDataPath ./build 2>&1
[RUN_FASTLANE] Detected provisioning profile mapping: {"com.masongallegos.itsadventuretime": "169ad913-9163-4370-ad4c-1e6319b53571"}
[RUN_FASTLANE] 
[RUN_FASTLANE] +----------------------------------------------------------------------------------------------------------------------------------------------------------------------------------------------------------------------+
[RUN_FASTLANE] |                                                                                               Summary for gym 2.237.0                                                                                                |
[RUN_FASTLANE] +------------------------------------------------------------------------+---------------------------------------------------------------------------------------------------------------------------------------------+
[RUN_FASTLANE] | workspace                                                              | ./ItsAdventureTime.xcworkspace                                                                                                              |
[RUN_FASTLANE] | scheme                                                                 | ItsAdventureTime                                                                                                                            |
[RUN_FASTLANE] | clean                                                                  | false                                                                                                                                       |
[RUN_FASTLANE] | output_directory                                                       | ./build                                                                                                                                     |
[RUN_FASTLANE] | output_name                                                            | ItsAdventureTime                                                                                                                            |
[RUN_FASTLANE] | configuration                                                          | Release                                                                                                                                     |
[RUN_FASTLANE] | silent                                                                 | false                                                                                                                                       |
[RUN_FASTLANE] | skip_package_ipa                                                       | false                                                                                                                                       |
[RUN_FASTLANE] | skip_package_pkg                                                       | false                                                                                                                                       |
[RUN_FASTLANE] | export_options.method                                                  | app-store                                                                                                                                   |
[RUN_FASTLANE] | export_options.provisioningProfiles.com.masongallegos.itsadventuretime | 169ad913-9163-4370-ad4c-1e6319b53571                                                                                                        |
[RUN_FASTLANE] | export_xcargs                                                          | OTHER_CODE_SIGN_FLAGS="--keychain /var/folders/qt/kpfgjxmx6m5clksryb0r58gw0000gn/T/eas-build-b8580012-f509-4263-b8ae-cbd4c09fb4ab.keychain" |
[RUN_FASTLANE] | build_path                                                             | /Users/sinjin/Library/Developer/Xcode/Archives/2026-07-21                                                                                   |
[RUN_FASTLANE] | derived_data_path                                                      | ./build                                                                                                                                     |
[RUN_FASTLANE] | result_bundle                                                          | true                                                                                                                                        |
[RUN_FASTLANE] | result_bundle_path                                                     | /var/folders/qt/kpfgjxmx6m5clksryb0r58gw0000gn/T/result-bundle-1784616742469.xcresult                                                       |
[RUN_FASTLANE] | buildlog_path                                                          | /var/folders/qt/kpfgjxmx6m5clksryb0r58gw0000gn/T/eas-build-local-nodejs/03d30f9d-224b-4cb4-9bc0-6e8443183496/logs                           |
[RUN_FASTLANE] | destination                                                            | generic/platform=iOS                                                                                                                        |
[RUN_FASTLANE] | suppress_xcode_output                                                  | true                                                                                                                                        |
[RUN_FASTLANE] | xcodebuild_formatter                                                   | xcpretty                                                                                                                                    |
[RUN_FASTLANE] | build_timing_summary                                                   | false                                                                                                                                       |
[RUN_FASTLANE] | disable_xcpretty                                                       | true                                                                                                                                        |
[RUN_FASTLANE] | skip_profile_detection                                                 | false                                                                                                                                       |
[RUN_FASTLANE] | xcodebuild_command                                                     | xcodebuild                                                                                                                                  |
[RUN_FASTLANE] | skip_package_dependencies_resolution                                   | false                                                                                                                                       |
[RUN_FASTLANE] | disable_package_automatic_updates                                      | false                                                                                                                                       |
[RUN_FASTLANE] | skip_package_repository_fetches                                        | false                                                                                                                                       |
[RUN_FASTLANE] | use_system_scm                                                         | false                                                                                                                                       |
[RUN_FASTLANE] | generate_appstore_info                                                 | false                                                                                                                                       |
[RUN_FASTLANE] | xcode_path                                                             | /Applications/Xcode.app                                                                                                                     |
[RUN_FASTLANE] +------------------------------------------------------------------------+---------------------------------------------------------------------------------------------------------------------------------------------+
[RUN_FASTLANE] $ set -o pipefail && xcodebuild -workspace ./ItsAdventureTime.xcworkspace -scheme ItsAdventureTime -configuration Release -derivedDataPath ./build -destination 'generic/platform=iOS' -archivePath /Users/sinjin/Library/Developer/Xcode/Archives/2026-07-21/ItsAdventureTime\ 2026-07-21\ 00.52.44.xcarchive -resultBundlePath '/var/folders/qt/kpfgjxmx6m5clksryb0r58gw0000gn/T/result-bundle-1784616742469.xcresult' archive | tee /var/folders/qt/kpfgjxmx6m5clksryb0r58gw0000gn/T/eas-build-local-nodejs/03d30f9d-224b-4cb4-9bc0-6e8443183496/logs/ItsAdventureTime-ItsAdventureTime.log > /dev/null
[RUN_FASTLANE] › Executing react-native Pods/hermes-engine » [CP-User] [Hermes] Replace Hermes for the right configuration, if needed
[RUN_FASTLANE] › Executing react-native Pods/ReactNativeDependencies » [CP-User] [RNDeps] Replace React Native Dependencies for the right configuration, if needed
[RUN_FASTLANE] › Executing react-native Pods/hermes-engine » [CP] Copy XCFrameworks
[RUN_FASTLANE] › Preparing Pods/react-native-maps-ReactNativeMapsPrivacy » ResourceBundle-ReactNativeMapsPrivacy-react-native-maps-Info.plist
[RUN_FASTLANE] › Copying   ios/build/Build/Intermediates.noindex/ArchiveIntermediates/ItsAdventureTime/IntermediateBuildFilesPath/UninstalledProducts/iphoneos/ReactNativeMapsPrivacy.bundle/PrivacyInfo.xcprivacy ➜ ../../../var/folders/qt/kpfgjxmx6m5clksryb0r58gw0000gn/T/eas-build-local-nodejs/03d30f9d-224b-4cb4-9bc0-6e8443183496/build/node_modules/react-native-maps/ios/PrivacyInfo.xcprivacy
[RUN_FASTLANE] › Compiling expo-image Pods/libwebp » sharpyuv_csp.c
[RUN_FASTLANE] › Compiling expo-image Pods/libwebp » yuv_sse41.c
[RUN_FASTLANE] › Compiling expo-image Pods/libwebp » yuv_sse2.c
[RUN_FASTLANE] › Compiling expo-image Pods/libwebp » yuv_mips_dsp_r2.c
[RUN_FASTLANE] › Compiling expo-image Pods/libwebp » yuv_mips32.c
[RUN_FASTLANE] › Compiling expo-image Pods/libwebp » upsampling_sse41.c
[RUN_FASTLANE] › Compiling expo-image Pods/libwebp » upsampling_sse2.c
[RUN_FASTLANE] › Compiling expo-image Pods/libwebp » upsampling_msa.c
[RUN_FASTLANE] › Compiling expo-image Pods/libwebp » upsampling_mips_dsp_r2.c
[RUN_FASTLANE] › Compiling expo-image Pods/libwebp » upsampling.c
[RUN_FASTLANE] › Compiling expo-image Pods/libwebp » tree_dec.c
[RUN_FASTLANE] › Compiling expo-image Pods/libwebp » thread_utils.c
[RUN_FASTLANE] › Compiling expo-image Pods/libwebp » syntax_enc.c
[RUN_FASTLANE] › Compiling expo-image Pods/libwebp » ssim_sse2.c
[RUN_FASTLANE] › Compiling expo-image Pods/libwebp » sharpyuv_sse2.c
[RUN_FASTLANE] › Compiling expo-image Pods/libwebp » sharpyuv_gamma.c
[RUN_FASTLANE] › Compiling expo-image Pods/libwebp » sharpyuv_cpu.c
[RUN_FASTLANE] › Compiling expo-image Pods/libwebp » rescaler_sse2.c
[RUN_FASTLANE] › Compiling expo-image Pods/libwebp » rescaler_msa.c
[RUN_FASTLANE] › Compiling expo-image Pods/libwebp » rescaler_mips_dsp_r2.c
[RUN_FASTLANE] › Compiling expo-image Pods/libwebp » rescaler_mips32.c
[RUN_FASTLANE] › Compiling expo-image Pods/libwebp » rescaler.c
[RUN_FASTLANE] › Compiling expo-image Pods/libwebp » random_utils.c
[RUN_FASTLANE] › Compiling expo-image Pods/libwebp » quant_levels_dec_utils.c
[RUN_FASTLANE] › Compiling expo-image Pods/libwebp » quant_dec.c
[RUN_FASTLANE] › Compiling expo-image Pods/libwebp » picture_tools_enc.c
[RUN_FASTLANE] › Compiling expo-image Pods/libwebp » lossless_sse41.c
[RUN_FASTLANE] › Compiling expo-image Pods/libwebp » lossless_sse2.c
[RUN_FASTLANE] › Compiling expo-image Pods/libwebp » lossless_msa.c
[RUN_FASTLANE] › Compiling expo-image Pods/libwebp » lossless_mips_dsp_r2.c
[RUN_FASTLANE] › Compiling expo-image Pods/libwebp » lossless_enc_sse41.c
[RUN_FASTLANE] › Compiling expo-image Pods/libwebp » lossless_enc_sse2.c
[RUN_FASTLANE] › Compiling expo-image Pods/libwebp » lossless_enc_msa.c
[RUN_FASTLANE] › Compiling expo-image Pods/libwebp » lossless_enc_mips_dsp_r2.c
[RUN_FASTLANE] › Compiling expo-image Pods/libwebp » iterator_enc.c
[RUN_FASTLANE] › Compiling expo-image Pods/libwebp » filters_sse2.c
[RUN_FASTLANE] › Compiling expo-image Pods/libwebp » filters_msa.c
[RUN_FASTLANE] › Compiling expo-image Pods/libwebp » filters_mips_dsp_r2.c
[RUN_FASTLANE] › Compiling expo-image Pods/libwebp » filter_enc.c
[RUN_FASTLANE] › Compiling expo-image Pods/libwebp » enc_sse41.c
[RUN_FASTLANE] › Compiling expo-image Pods/libwebp » enc_sse2.c
[RUN_FASTLANE] › Compiling expo-image Pods/libwebp » enc_msa.c
[RUN_FASTLANE] › Compiling expo-image Pods/libwebp » enc_mips_dsp_r2.c
[RUN_FASTLANE] › Compiling expo-image Pods/libwebp » enc_mips32.c
[RUN_FASTLANE] › Compiling expo-image Pods/libwebp » dec_sse41.c
[RUN_FASTLANE] › Compiling expo-image Pods/libwebp » dec_sse2.c
[RUN_FASTLANE] › Compiling expo-image Pods/libwebp » dec_msa.c
[RUN_FASTLANE] › Compiling expo-image Pods/libwebp » dec_mips_dsp_r2.c
[RUN_FASTLANE] › Compiling expo-image Pods/libwebp » dec_mips32.c
[RUN_FASTLANE] › Compiling expo-image Pods/libwebp » dec_clip_tables.c
[RUN_FASTLANE] › Compiling expo-image Pods/libwebp » dec.c
[RUN_FASTLANE] › Compiling expo-image Pods/libwebp » cpu.c
[RUN_FASTLANE] › Compiling expo-image Pods/libwebp » cost_sse2.c
[RUN_FASTLANE] › Compiling expo-image Pods/libwebp » cost_mips_dsp_r2.c
[RUN_FASTLANE] › Compiling expo-image Pods/libwebp » cost_mips32.c
[RUN_FASTLANE] › Compiling expo-image Pods/libwebp » config_enc.c
[RUN_FASTLANE] › Compiling expo-image Pods/libwebp » bit_reader_utils.c
[RUN_FASTLANE] › Compiling expo-image Pods/libwebp » yuv.c
[RUN_FASTLANE] › Compiling expo-image Pods/libwebp » webp_enc.c
[RUN_FASTLANE] › Compiling expo-image Pods/libwebp » webp_dec.c
[RUN_FASTLANE] › Compiling expo-image Pods/libwebp » vp8l_enc.c
[RUN_FASTLANE] › Compiling expo-image Pods/libwebp » vp8l_dec.c
[RUN_FASTLANE] › Compiling expo-image Pods/libwebp » vp8_dec.c
[RUN_FASTLANE] › Compiling expo-image Pods/libwebp » utils.c
[RUN_FASTLANE] › Compiling expo-image Pods/libwebp » token_enc.c
[RUN_FASTLANE] › Compiling expo-image Pods/libwebp » ssim.c
[RUN_FASTLANE] › Compiling expo-image Pods/libwebp » sharpyuv_dsp.c
[RUN_FASTLANE] › Compiling expo-image Pods/libwebp » sharpyuv.c
[RUN_FASTLANE] › Compiling expo-image Pods/libwebp » rescaler_utils.c
[RUN_FASTLANE] › Compiling expo-image Pods/libwebp » quant_levels_utils.c
[RUN_FASTLANE] › Compiling expo-image Pods/libwebp » predictor_enc.c
[RUN_FASTLANE] › Compiling expo-image Pods/libwebp » picture_rescale_enc.c
[RUN_FASTLANE] › Compiling expo-image Pods/libwebp » picture_psnr_enc.c
[RUN_FASTLANE] › Compiling expo-image Pods/libwebp » picture_enc.c
[RUN_FASTLANE] › Compiling expo-image Pods/libwebp » yuv_neon.c
[RUN_FASTLANE] › Compiling expo-image Pods/libwebp » upsampling_neon.c
[RUN_FASTLANE] › Compiling expo-image Pods/libwebp » sharpyuv_neon.c
[RUN_FASTLANE] › Compiling expo-image Pods/libwebp » rescaler_neon.c
[RUN_FASTLANE] › Compiling expo-image Pods/libwebp » quant_enc.c
[RUN_FASTLANE] › Compiling expo-image Pods/libwebp » picture_csp_enc.c
[RUN_FASTLANE] › Compiling expo-image Pods/libwebp » palette.c
[RUN_FASTLANE] › Compiling expo-image Pods/libwebp » near_lossless_enc.c
[RUN_FASTLANE] › Compiling expo-image Pods/libwebp » muxread.c
[RUN_FASTLANE] › Compiling expo-image Pods/libwebp » muxinternal.c
[RUN_FASTLANE] › Compiling expo-image Pods/libwebp » muxedit.c
[RUN_FASTLANE] › Compiling expo-image Pods/libwebp » lossless_neon.c
[RUN_FASTLANE] › Compiling expo-image Pods/libwebp » lossless_enc_neon.c
[RUN_FASTLANE] › Compiling expo-image Pods/libwebp » lossless_enc_mips32.c
[RUN_FASTLANE] › Compiling expo-image Pods/libwebp » lossless_enc.c
[RUN_FASTLANE] › Compiling expo-image Pods/libwebp » lossless.c
[RUN_FASTLANE] › Compiling expo-image Pods/libwebp » io_dec.c
[RUN_FASTLANE] › Compiling expo-image Pods/libwebp » idec_dec.c
[RUN_FASTLANE] › Compiling expo-image Pods/libwebp » huffman_utils.c
[RUN_FASTLANE] › Compiling expo-image Pods/libwebp » huffman_encode_utils.c
[RUN_FASTLANE] › Compiling expo-image Pods/libwebp » histogram_enc.c
[RUN_FASTLANE] › Compiling expo-image Pods/libwebp » frame_enc.c
[RUN_FASTLANE] › Compiling expo-image Pods/libwebp » frame_dec.c
[RUN_FASTLANE] › Compiling expo-image Pods/libwebp » filters_utils.c
[RUN_FASTLANE] › Compiling expo-image Pods/libwebp » filters_neon.c
[RUN_FASTLANE] › Compiling expo-image Pods/libwebp » filters.c
[RUN_FASTLANE] › Compiling expo-image Pods/libwebp » enc_neon.c
[RUN_FASTLANE] › Compiling expo-image Pods/libwebp » enc.c
[RUN_FASTLANE] › Compiling expo-image Pods/libwebp » demux.c
[RUN_FASTLANE] › Compiling expo-image Pods/libwebp » dec_neon.c
[RUN_FASTLANE] › Compiling expo-image Pods/libwebp » cost_neon.c
[RUN_FASTLANE] › Compiling expo-image Pods/libwebp » cost_enc.c
[RUN_FASTLANE] › Compiling expo-image Pods/libwebp » cost.c
[RUN_FASTLANE] › Compiling expo-image Pods/libwebp » color_cache_utils.c
[RUN_FASTLANE] › Compiling expo-image Pods/libwebp » buffer_dec.c
[RUN_FASTLANE] › Compiling expo-image Pods/libwebp » bit_writer_utils.c
[RUN_FASTLANE] › Compiling expo-image Pods/libwebp » backward_references_enc.c
[RUN_FASTLANE] › Compiling expo-image Pods/libwebp » backward_references_cost_enc.c
[RUN_FASTLANE] › Compiling expo-image Pods/libwebp » anim_encode.c
[RUN_FASTLANE] › Compiling expo-image Pods/libwebp » anim_decode.c
[RUN_FASTLANE] › Compiling expo-image Pods/libwebp » analysis_enc.c
[RUN_FASTLANE] › Compiling expo-image Pods/libwebp » alpha_processing_sse41.c
[RUN_FASTLANE] › Compiling expo-image Pods/libwebp » alpha_processing_sse2.c
[RUN_FASTLANE] › Compiling expo-image Pods/libwebp » alpha_processing_neon.c
[RUN_FASTLANE] › Compiling expo-image Pods/libwebp » alpha_processing_mips_dsp_r2.c
[RUN_FASTLANE] › Compiling expo-image Pods/libwebp » alpha_processing.c
[RUN_FASTLANE] › Compiling expo-image Pods/libwebp » alpha_enc.c
[RUN_FASTLANE] › Executing react-native Pods/ReactNativeDependencies » [CP] Copy XCFrameworks
[RUN_FASTLANE] › Compiling expo-image Pods/libwebp » alpha_dec.c
[RUN_FASTLANE] › Compiling expo-image Pods/libdav1d » wedge.c
[RUN_FASTLANE] › Compiling expo-image Pods/libdav1d » tables.c
[RUN_FASTLANE] › Compiling expo-image Pods/libdav1d » scan.c
[RUN_FASTLANE] › Compiling expo-image Pods/libdav1d » qm.c
[RUN_FASTLANE] › Compiling expo-image Pods/libdav1d » lf_mask.c
[RUN_FASTLANE] › Compiling expo-image Pods/libdav1d » itx_tmpl_16.c
[RUN_FASTLANE] › Compiling expo-image Pods/libdav1d » itx_tmpl.c
[RUN_FASTLANE] › Compiling expo-image Pods/libdav1d » itx_1d.c
[RUN_FASTLANE] › Compiling expo-image Pods/libdav1d » getbits.c
[RUN_FASTLANE] › Compiling expo-image Pods/libdav1d » warpmv.c
[RUN_FASTLANE] › Compiling expo-image Pods/libdav1d » thread_task.c
[RUN_FASTLANE] › Compiling expo-image Pods/libdav1d » refmvs.c
[RUN_FASTLANE] › Compiling expo-image Pods/libdav1d » ref.c
[RUN_FASTLANE] › Compiling expo-image Pods/libdav1d » recon_tmpl_16.c
[RUN_FASTLANE] › Compiling expo-image Pods/libdav1d » recon_tmpl.c
[RUN_FASTLANE] › Compiling expo-image Pods/libdav1d » picture.c
[RUN_FASTLANE] › Compiling expo-image Pods/libdav1d » obu.c
[RUN_FASTLANE] › Compiling expo-image Pods/libdav1d » msac.c
[RUN_FASTLANE] › Compiling expo-image Pods/libdav1d » mem.c
[RUN_FASTLANE] › Compiling expo-image Pods/libdav1d » mc_tmpl_16.c
[RUN_FASTLANE] › Compiling expo-image Pods/libdav1d » mc_tmpl.c
[RUN_FASTLANE] › Compiling expo-image Pods/libdav1d » lr_apply_tmpl_16.c
[RUN_FASTLANE] › Compiling expo-image Pods/libdav1d » lr_apply_tmpl.c
[RUN_FASTLANE] › Compiling expo-image Pods/libdav1d » looprestoration_tmpl_16.c
[RUN_FASTLANE] › Compiling expo-image Pods/libdav1d » looprestoration_tmpl.c
[RUN_FASTLANE] › Compiling expo-image Pods/libdav1d » loopfilter_tmpl_16.c
[RUN_FASTLANE] › Compiling expo-image Pods/libdav1d » loopfilter_tmpl.c
[RUN_FASTLANE] › Compiling expo-image Pods/libdav1d » log.c
[RUN_FASTLANE] › Compiling expo-image Pods/libdav1d » lib.c
[RUN_FASTLANE] › Compiling expo-image Pods/libdav1d » lf_apply_tmpl_16.c
[RUN_FASTLANE] › Compiling expo-image Pods/libdav1d » lf_apply_tmpl.c
[RUN_FASTLANE] › Compiling expo-image Pods/libdav1d » ipred_tmpl_16.c
[RUN_FASTLANE] › Compiling expo-image Pods/libdav1d » ipred_tmpl.c
[RUN_FASTLANE] › Compiling expo-image Pods/libdav1d » ipred_prepare_tmpl_16.c
[RUN_FASTLANE] › Compiling expo-image Pods/libdav1d » ipred_prepare_tmpl.c
[RUN_FASTLANE] › Compiling expo-image Pods/libdav1d » intra_edge.c
[RUN_FASTLANE] › Compiling expo-image Pods/libdav1d » filmgrain_tmpl_16.c
[RUN_FASTLANE] › Compiling expo-image Pods/libdav1d » filmgrain_tmpl.c
[RUN_FASTLANE] › Compiling expo-image Pods/libdav1d » fg_apply_tmpl_16.c
[RUN_FASTLANE] › Compiling expo-image Pods/libdav1d » fg_apply_tmpl.c
[RUN_FASTLANE] › Compiling expo-image Pods/libdav1d » dequant_tables.c
[RUN_FASTLANE] › Compiling expo-image Pods/libdav1d » decode.c
[RUN_FASTLANE] › Compiling expo-image Pods/libdav1d » cpu.c
[RUN_FASTLANE] › Compiling expo-image Pods/libdav1d » data.c
[RUN_FASTLANE] › Compiling expo-image Pods/libdav1d » cdf.c
[RUN_FASTLANE] › Compiling expo-image Pods/libdav1d » cdef_tmpl_16.c
[RUN_FASTLANE] › Compiling expo-image Pods/libdav1d » cdef_tmpl.c
[RUN_FASTLANE] › Compiling expo-image Pods/libdav1d » cdef_apply_tmpl_16.c
[RUN_FASTLANE] › Compiling expo-image Pods/libdav1d » cdef_apply_tmpl.c
[RUN_FASTLANE] › Compiling expo-image Pods/libdav1d » cpu.c
[RUN_FASTLANE] › Compiling Pods/libavif » write.c
[RUN_FASTLANE] › Compiling Pods/libavif » scale.c
[RUN_FASTLANE] › Compiling Pods/libavif » reformat_libyuv.c
[RUN_FASTLANE] › Compiling Pods/libavif » reformat_libsharpyuv.c
[RUN_FASTLANE] › Compiling Pods/libavif » rawdata.c
[RUN_FASTLANE] › Compiling Pods/libavif » obu.c
[RUN_FASTLANE] › Compiling Pods/libavif » io.c
[RUN_FASTLANE] › Compiling Pods/libavif » exif.c
[RUN_FASTLANE] › Compiling Pods/libavif » diag.c
[RUN_FASTLANE] › Compiling Pods/libavif » colr.c
[RUN_FASTLANE] › Compiling Pods/libavif » codec_dav1d.c
[RUN_FASTLANE] › Compiling Pods/libavif » avif.c
[RUN_FASTLANE] › Compiling Pods/libavif » alpha.c
[RUN_FASTLANE] › Compiling Pods/libavif » reformat.c
[RUN_FASTLANE] › Compiling Pods/libavif » mem.c
[RUN_FASTLANE] › Compiling Pods/libavif » stream.c
[RUN_FASTLANE] › Compiling Pods/libavif » read.c
[RUN_FASTLANE] › Compiling expo-image Pods/libwebp » libwebp-dummy.m
[RUN_FASTLANE] › Compiling expo-image Pods/libdav1d » libdav1d-dummy.m
[RUN_FASTLANE] › Packaging expo-image Pods/libwebp » liblibwebp.a
[RUN_FASTLANE] › Packaging expo-image Pods/libdav1d » liblibdav1d.a
[RUN_FASTLANE] › Preparing Pods/Sentry-Sentry » ResourceBundle-Sentry-Sentry-Info.plist
[RUN_FASTLANE] › Copying   ios/build/Build/Intermediates.noindex/ArchiveIntermediates/ItsAdventureTime/IntermediateBuildFilesPath/UninstalledProducts/iphoneos/Sentry.bundle/PrivacyInfo.xcprivacy ➜ ../../../var/folders/qt/kpfgjxmx6m5clksryb0r58gw0000gn/T/eas-build-local-nodejs/03d30f9d-224b-4cb4-9bc0-6e8443183496/build/ios/Pods/Sentry/Sources/Resources/PrivacyInfo.xcprivacy
[RUN_FASTLANE] › Compiling Pods/ZXingObjC » ZXAbstractRSSReader.m
[RUN_FASTLANE] › Compiling Pods/ZXingObjC » ZXAddressBookDoCoMoResultParser.m
[RUN_FASTLANE] › Compiling Pods/ZXingObjC » ZXingObjC-dummy.m
[RUN_FASTLANE] › Compiling Pods/ZXingObjC » ZXWifiResultParser.m
[RUN_FASTLANE] › Compiling Pods/ZXingObjC » ZXWifiParsedResult.m
[RUN_FASTLANE] › Compiling Pods/ZXingObjC » ZXWhiteRectangleDetector.m
[RUN_FASTLANE] › Compiling Pods/libavif » libavif-dummy.m
[RUN_FASTLANE] › Compiling Pods/ZXingObjC » ZXVINResultParser.m
[RUN_FASTLANE] › Compiling Pods/ZXingObjC » ZXVINParsedResult.m
[RUN_FASTLANE] › Compiling Pods/ZXingObjC » ZXVEventResultParser.m
[RUN_FASTLANE] › Compiling Pods/ZXingObjC » ZXVCardResultParser.m
[RUN_FASTLANE] › Compiling Pods/ZXingObjC » ZXURLTOResultParser.m
[RUN_FASTLANE] › Packaging Pods/libavif » liblibavif.a
[RUN_FASTLANE] › Compiling Pods/ZXingObjC » ZXURIResultParser.m
[RUN_FASTLANE] › Compiling Pods/ZXingObjC » ZXURIParsedResult.m
[RUN_FASTLANE] › Compiling Pods/ZXingObjC » ZXUPCEWriter.m
[RUN_FASTLANE] › Compiling Pods/ZXingObjC » ZXUPCEReader.m
[RUN_FASTLANE] › Compiling Pods/ZXingObjC » ZXUPCEANReader.m
[RUN_FASTLANE] › Compiling Pods/ZXingObjC » ZXUPCEANExtensionSupport.m
[RUN_FASTLANE] › Compiling Pods/ZXingObjC » ZXUPCEANExtension5Support.m
[RUN_FASTLANE] › Compiling Pods/ZXingObjC » ZXUPCEANExtension2Support.m
[RUN_FASTLANE] › Compiling Pods/ZXingObjC » ZXUPCAWriter.m
[RUN_FASTLANE] › Compiling Pods/ZXingObjC » ZXUPCAReader.m
[RUN_FASTLANE] › Compiling Pods/ZXingObjC » ZXTextParsedResult.m
[RUN_FASTLANE] › Compiling Pods/ZXingObjC » ZXTelResultParser.m
[RUN_FASTLANE] › Compiling Pods/ZXingObjC » ZXTelParsedResult.m
[RUN_FASTLANE] › Compiling Pods/ZXingObjC » ZXStringUtils.m
[RUN_FASTLANE] › Compiling Pods/ZXingObjC » ZXSMTPResultParser.m
[RUN_FASTLANE] › Compiling Pods/ZXingObjC » ZXSMSParsedResult.m
[RUN_FASTLANE] › Compiling Pods/ZXingObjC » ZXSMSMMSResultParser.m
[RUN_FASTLANE] › Compiling Pods/ZXingObjC » ZXResultPoint.m
[RUN_FASTLANE] › Compiling Pods/ZXingObjC » ZXResultParser.m
[RUN_FASTLANE] › Compiling Pods/ZXingObjC » ZXResult.m
[RUN_FASTLANE] › Compiling Pods/ZXingObjC » ZXReedSolomonEncoder.m
[RUN_FASTLANE] › Compiling Pods/ZXingObjC » ZXReedSolomonDecoder.m
[RUN_FASTLANE] › Compiling Pods/ZXingObjC » ZXRSSUtils.m
[RUN_FASTLANE] › Compiling Pods/ZXingObjC » ZXRSSPair.m
[RUN_FASTLANE] › Compiling Pods/ZXingObjC » ZXRSSFinderPattern.m
[RUN_FASTLANE] › Compiling Pods/ZXingObjC » ZXRSSExpandedRow.m
[RUN_FASTLANE] › Compiling Pods/ZXingObjC » ZXRSSExpandedReader.m
[RUN_FASTLANE] › Compiling Pods/ZXingObjC » ZXRSSExpandedPair.m
[RUN_FASTLANE] › Compiling Pods/ZXingObjC » ZXRSSExpandedGeneralAppIdDecoder.m
[RUN_FASTLANE] › Compiling Pods/ZXingObjC » ZXRSSExpandedFieldParser.m
[RUN_FASTLANE] › Compiling Pods/ZXingObjC » ZXRSSExpandedDecodedObject.m
[RUN_FASTLANE] › Compiling Pods/ZXingObjC » ZXRSSExpandedDecodedNumeric.m
[RUN_FASTLANE] › Compiling Pods/ZXingObjC » ZXRSSExpandedDecodedInformation.m
[RUN_FASTLANE] › Compiling Pods/ZXingObjC » ZXRSSExpandedDecodedChar.m
[RUN_FASTLANE] › Compiling Pods/ZXingObjC » ZXRSSExpandedCurrentParsingState.m
[RUN_FASTLANE] › Compiling Pods/ZXingObjC » ZXRSSExpandedBlockParsedResult.m
[RUN_FASTLANE] › Compiling Pods/ZXingObjC » ZXRSSDataCharacter.m
[RUN_FASTLANE] › Compiling Pods/ZXingObjC » ZXRSS14Reader.m
[RUN_FASTLANE] › Compiling Pods/ZXingObjC » ZXRGBLuminanceSource.m
[RUN_FASTLANE] › Compiling Pods/ZXingObjC » ZXProductResultParser.m
[RUN_FASTLANE] › Compiling Pods/ZXingObjC » ZXProductParsedResult.m
[RUN_FASTLANE] › Compiling Pods/ZXingObjC » ZXPlanarYUVLuminanceSource.m
[RUN_FASTLANE] › Compiling Pods/ZXingObjC » ZXPerspectiveTransform.m
[RUN_FASTLANE] › Compiling Pods/ZXingObjC » ZXParsedResult.m
[RUN_FASTLANE] › Compiling Pods/ZXingObjC » ZXPDF417Writer.m
[RUN_FASTLANE] › Compiling Pods/ZXingObjC » ZXPDF417ScanningDecoder.m
[RUN_FASTLANE] › Compiling Pods/ZXingObjC » ZXPDF417ResultMetadata.m
[RUN_FASTLANE] › Compiling Pods/ZXingObjC » ZXPDF417Reader.m
[RUN_FASTLANE] › Compiling Pods/ZXingObjC » ZXPDF417HighLevelEncoder.m
[RUN_FASTLANE] › Compiling Pods/ZXingObjC » ZXPDF417ErrorCorrection.m
[RUN_FASTLANE] › Compiling Pods/ZXingObjC » ZXPDF417ECErrorCorrection.m
[RUN_FASTLANE] › Compiling Pods/ZXingObjC » ZXPDF417Dimensions.m
[RUN_FASTLANE] › Compiling Pods/ZXingObjC » ZXPDF417DetectorResult.m
[RUN_FASTLANE] › Compiling Pods/ZXingObjC » ZXPDF417Detector.m
[RUN_FASTLANE] › Compiling Pods/ZXingObjC » ZXPDF417DetectionResultRowIndicatorColumn.m
[RUN_FASTLANE] › Compiling Pods/ZXingObjC » ZXPDF417DetectionResultColumn.m
[RUN_FASTLANE] › Compiling Pods/ZXingObjC » ZXPDF417DetectionResult.m
[RUN_FASTLANE] › Compiling Pods/ZXingObjC » ZXPDF417DecodedBitStreamParser.m
[RUN_FASTLANE] › Compiling Pods/ZXingObjC » ZXPDF417Common.m
[RUN_FASTLANE] › Compiling Pods/ZXingObjC » ZXPDF417CodewordDecoder.m
[RUN_FASTLANE] › Compiling Pods/ZXingObjC » ZXPDF417Codeword.m
[RUN_FASTLANE] › Compiling Pods/ZXingObjC » ZXPDF417BoundingBox.m
[RUN_FASTLANE] › Compiling Pods/ZXingObjC » ZXPDF417BarcodeValue.m
[RUN_FASTLANE] › Compiling Pods/ZXingObjC » ZXPDF417BarcodeRow.m
[RUN_FASTLANE] › Compiling Pods/ZXingObjC » ZXPDF417BarcodeMetadata.m
[RUN_FASTLANE] › Compiling Pods/ZXingObjC » ZXPDF417BarcodeMatrix.m
[RUN_FASTLANE] › Compiling Pods/ZXingObjC » ZXPDF417.m
[RUN_FASTLANE] › Compiling Pods/ZXingObjC » ZXOneDimensionalCodeWriter.m
[RUN_FASTLANE] › Compiling Pods/ZXingObjC » ZXOneDReader.m
[RUN_FASTLANE] › Compiling Pods/ZXingObjC » ZXMultiFormatWriter.m
[RUN_FASTLANE] › Compiling Pods/ZXingObjC » ZXMultiFormatUPCEANReader.m
[RUN_FASTLANE] › Compiling Pods/ZXingObjC » ZXMultiFormatReader.m
[RUN_FASTLANE] › Compiling Pods/ZXingObjC » ZXMultiFormatOneDReader.m
[RUN_FASTLANE] › Compiling Pods/ZXingObjC » ZXMonochromeRectangleDetector.m
[RUN_FASTLANE] › Compiling Pods/ZXingObjC » ZXModulusPoly.m
[RUN_FASTLANE] › Compiling Pods/ZXingObjC » ZXModulusGF.m
[RUN_FASTLANE] › Compiling Pods/ZXingObjC » ZXMathUtils.m
[RUN_FASTLANE] › Compiling Pods/ZXingObjC » ZXLuminanceSource.m
[RUN_FASTLANE] › Compiling Pods/ZXingObjC » ZXInvertedLuminanceSource.m
[RUN_FASTLANE] › Compiling Pods/ZXingObjC » ZXIntArray.m
[RUN_FASTLANE] › Compiling Pods/ZXingObjC » ZXImage.m
[RUN_FASTLANE] › Compiling Pods/ZXingObjC » ZXITFWriter.m
[RUN_FASTLANE] › Compiling Pods/ZXingObjC » ZXITFReader.m
[RUN_FASTLANE] › Compiling Pods/ZXingObjC » ZXISBNResultParser.m
[RUN_FASTLANE] › Compiling Pods/ZXingObjC » ZXISBNParsedResult.m
[RUN_FASTLANE] › Compiling Pods/ZXingObjC » ZXHybridBinarizer.m
[RUN_FASTLANE] › Compiling Pods/ZXingObjC » ZXGlobalHistogramBinarizer.m
[RUN_FASTLANE] › Compiling Pods/ZXingObjC » ZXGeoResultParser.m
[RUN_FASTLANE] › Compiling Pods/ZXingObjC » ZXGeoParsedResult.m
[RUN_FASTLANE] › Compiling Pods/ZXingObjC » ZXGenericMultipleBarcodeReader.m
[RUN_FASTLANE] › Compiling Pods/ZXingObjC » ZXGenericGFPoly.m
[RUN_FASTLANE] › Compiling Pods/ZXingObjC » ZXGenericGF.m
[RUN_FASTLANE] › Compiling Pods/ZXingObjC » ZXExpandedProductResultParser.m
[RUN_FASTLANE] › Compiling Pods/ZXingObjC » ZXExpandedProductParsedResult.m
[RUN_FASTLANE] › Compiling Pods/ZXingObjC » ZXErrors.m
[RUN_FASTLANE] › Compiling Pods/ZXingObjC » ZXEncodeHints.m
[RUN_FASTLANE] › Compiling Pods/ZXingObjC » ZXEmailDoCoMoResultParser.m
[RUN_FASTLANE] › Compiling Pods/ZXingObjC » ZXEmailAddressResultParser.m
[RUN_FASTLANE] › Compiling Pods/ZXingObjC » ZXEmailAddressParsedResult.m
[RUN_FASTLANE] › Compiling Pods/ZXingObjC » ZXEANManufacturerOrgSupport.m
[RUN_FASTLANE] › Compiling Pods/ZXingObjC » ZXEAN8Writer.m
[RUN_FASTLANE] › Compiling Pods/ZXingObjC » ZXEAN8Reader.m
[RUN_FASTLANE] › Compiling Pods/ZXingObjC » ZXEAN13Writer.m
[RUN_FASTLANE] › Compiling Pods/ZXingObjC » ZXEAN13Reader.m
[RUN_FASTLANE] › Compiling Pods/ZXingObjC » ZXDimension.m
[RUN_FASTLANE] › Compiling Pods/ZXingObjC » ZXDetectorResult.m
[RUN_FASTLANE] › Compiling Pods/ZXingObjC » ZXDefaultGridSampler.m
[RUN_FASTLANE] › Compiling Pods/ZXingObjC » ZXDecoderResult.m
[RUN_FASTLANE] › Compiling Pods/ZXingObjC » ZXDecodeHints.m
[RUN_FASTLANE] › Compiling Pods/ZXingObjC » ZXDecimal.m
[RUN_FASTLANE] › Compiling Pods/ZXingObjC » ZXCode93Writer.m
[RUN_FASTLANE] › Compiling Pods/ZXingObjC » ZXCode93Reader.m
[RUN_FASTLANE] › Compiling Pods/ZXingObjC » ZXCode39Reader.m
[RUN_FASTLANE] › Compiling Pods/ZXingObjC » ZXCode128Writer.m
[RUN_FASTLANE] › Compiling Pods/ZXingObjC » ZXCode128Reader.m
[RUN_FASTLANE] › Compiling Pods/ZXingObjC » ZXCodaBarWriter.m
[RUN_FASTLANE] › Compiling Pods/ZXingObjC » ZXCodaBarReader.m
[RUN_FASTLANE] › Compiling Pods/ZXingObjC » ZXCharacterSetECI.m
[RUN_FASTLANE] › Compiling Pods/ZXingObjC » ZXCalendarParsedResult.m
[RUN_FASTLANE] › Compiling Pods/ZXingObjC » ZXCGImageLuminanceSourceInfo.m
[RUN_FASTLANE] › Compiling Pods/ZXingObjC » ZXCGImageLuminanceSource.m
[RUN_FASTLANE] › Compiling Pods/ZXingObjC » ZXByteMatrix.m
[RUN_FASTLANE] › Compiling Pods/ZXingObjC » ZXByteArray.m
[RUN_FASTLANE] › Compiling Pods/ZXingObjC » ZXByQuadrantReader.m
[RUN_FASTLANE] › Compiling Pods/ZXingObjC » ZXBookmarkDoCoMoResultParser.m
[RUN_FASTLANE] › Compiling Pods/ZXingObjC » ZXBizcardResultParser.m
[RUN_FASTLANE] › Compiling Pods/ZXingObjC » ZXBitSource.m
[RUN_FASTLANE] › Compiling Pods/ZXingObjC » ZXBitMatrix.m
[RUN_FASTLANE] › Compiling Pods/ZXingObjC » ZXBitArrayBuilder.m
[RUN_FASTLANE] › Compiling Pods/ZXingObjC » ZXBitArray.m
[RUN_FASTLANE] › Compiling Pods/ZXingObjC » ZXBinaryBitmap.m
[RUN_FASTLANE] › Compiling Pods/ZXingObjC » ZXBinarizer.m
[RUN_FASTLANE] › Compiling Pods/ZXingObjC » ZXAnyAIDecoder.m
[RUN_FASTLANE] › Compiling Pods/ZXingObjC » ZXAddressBookParsedResult.m
[RUN_FASTLANE] › Compiling Pods/ZXingObjC » ZXAddressBookAUResultParser.m
[RUN_FASTLANE] › Compiling Pods/ZXingObjC » ZXAbstractExpandedDecoder.m
[RUN_FASTLANE] › Compiling Pods/ZXingObjC » ZXAbstractDoCoMoResultParser.m
[RUN_FASTLANE] › Compiling Pods/ZXingObjC » ZXAI01weightDecoder.m
[RUN_FASTLANE] › Compiling Pods/ZXingObjC » ZXAI01decoder.m
[RUN_FASTLANE] › Compiling Pods/ZXingObjC » ZXAI01AndOtherAIs.m
[RUN_FASTLANE] › Compiling Pods/ZXingObjC » ZXAI013x0xDecoder.m
[RUN_FASTLANE] › Compiling Pods/ZXingObjC » ZXAI013x0x1xDecoder.m
[RUN_FASTLANE] › Compiling Pods/ZXingObjC » ZXAI01393xDecoder.m
[RUN_FASTLANE] › Compiling Pods/ZXingObjC » ZXAI01392xDecoder.m
[RUN_FASTLANE] › Compiling Pods/ZXingObjC » ZXAI01320xDecoder.m
[RUN_FASTLANE] › Compiling Pods/ZXingObjC » ZXAI013103decoder.m
[RUN_FASTLANE] › Executing react-native Pods/React-Core-prebuilt » [CP-User] [RNDeps] Replace React Native Core for the right configuration, if needed
[RUN_FASTLANE] › Creating  Pods/react-native-maps-ReactNativeMapsPrivacy » ReactNativeMapsPrivacy.bundle
[RUN_FASTLANE] › Creating  Pods/Sentry-Sentry » Sentry.bundle
[RUN_FASTLANE] › Compiling expo-image Pods/SDWebImageSVGCoder » SDWebImageSVGCoderDefine.m
[RUN_FASTLANE] › Compiling expo-image Pods/SDWebImageSVGCoder » SDWebImageSVGCoder-dummy.m
[RUN_FASTLANE] › Compiling expo-image Pods/SDWebImageSVGCoder » SDImageSVGCoder.m
[RUN_FASTLANE] › Compiling Pods/ZXingObjC » ZXCapture.m
[RUN_FASTLANE] › Compiling expo-image Pods/SDWebImageAVIFCoder » SDWebImageAVIFCoder-dummy.m
[RUN_FASTLANE] › Preparing expo-image Pods/SDWebImage-SDWebImage » ResourceBundle-SDWebImage-SDWebImage-Info.plist
[RUN_FASTLANE] › Packaging Pods/ZXingObjC » libZXingObjC.a
[RUN_FASTLANE] › Copying   expo-image ios/build/Build/Intermediates.noindex/ArchiveIntermediates/ItsAdventureTime/IntermediateBuildFilesPath/UninstalledProducts/iphoneos/SDWebImage.bundle/PrivacyInfo.xcprivacy ➜ ../../../var/folders/qt/kpfgjxmx6m5clksryb0r58gw0000gn/T/eas-build-local-nodejs/03d30f9d-224b-4cb4-9bc0-6e8443183496/build/ios/Pods/SDWebImage/WebImage/PrivacyInfo.xcprivacy
[RUN_FASTLANE] › Compiling expo-image Pods/SDWebImage » UIView+WebCacheState.m
[RUN_FASTLANE] › Compiling expo-image Pods/SDWebImage » UIView+WebCacheOperation.m
[RUN_FASTLANE] › Compiling expo-image Pods/SDWebImage » UIImageView+WebCache.m
[RUN_FASTLANE] › Compiling expo-image Pods/SDWebImage » UIView+WebCache.m
[RUN_FASTLANE] › Compiling expo-image Pods/SDWebImage » UIImageView+HighlightedWebCache.m
[RUN_FASTLANE] › Compiling expo-image Pods/SDWebImage » UIImage+MultiFormat.m
[RUN_FASTLANE] › Compiling expo-image Pods/SDWebImage » UIImage+Metadata.m
[RUN_FASTLANE] › Compiling expo-image Pods/SDWebImage » UIImage+MemoryCacheCost.m
[RUN_FASTLANE] › Compiling expo-image Pods/SDWebImage » UIImage+GIF.m
[RUN_FASTLANE] › Compiling expo-image Pods/SDWebImage » UIImage+ForceDecode.m
[RUN_FASTLANE] › Compiling expo-image Pods/SDWebImage » UIImage+ExtendedCacheData.m
[RUN_FASTLANE] › Compiling expo-image Pods/SDWebImage » UIColor+SDHexString.m
[RUN_FASTLANE] › Compiling expo-image Pods/SDWebImage » UIButton+WebCache.m
[RUN_FASTLANE] › Compiling expo-image Pods/SDWebImage » SDWebImageTransition.m
[RUN_FASTLANE] › Compiling expo-image Pods/SDWebImageAVIFCoder » SDImageAVIFCoder.m
[RUN_FASTLANE] › Compiling expo-image Pods/SDWebImageAVIFCoder » Conversion.m
[RUN_FASTLANE] › Compiling expo-image Pods/SDWebImageAVIFCoder » ColorSpace.m
[RUN_FASTLANE] › Compiling expo-image Pods/SDWebImage » UIImage+Transform.m
[RUN_FASTLANE] › Compiling expo-image Pods/SDWebImage » SDWebImagePrefetcher.m
[RUN_FASTLANE] › Compiling expo-image Pods/SDWebImage » SDWebImageOptionsProcessor.m
[RUN_FASTLANE] › Compiling expo-image Pods/SDWebImage » SDWebImageOperation.m
[RUN_FASTLANE] › Compiling expo-image Pods/SDWebImage » SDWebImageIndicator.m
[RUN_FASTLANE] › Compiling expo-image Pods/SDWebImage » SDWebImageManager.m
[RUN_FASTLANE] › Compiling expo-image Pods/SDWebImage » SDWebImageError.m
[RUN_FASTLANE] › Compiling expo-image Pods/SDWebImage » SDWebImageDownloaderResponseModifier.m
[RUN_FASTLANE] › Compiling expo-image Pods/SDWebImage » SDWebImageDownloaderRequestModifier.m
[RUN_FASTLANE] › Compiling expo-image Pods/SDWebImage » SDWebImageDownloaderOperation.m
[RUN_FASTLANE] › Compiling expo-image Pods/SDWebImage » SDWebImageDownloaderDecryptor.m
[RUN_FASTLANE] › Compiling expo-image Pods/SDWebImage » SDWebImageDownloaderConfig.m
[RUN_FASTLANE] › Compiling expo-image Pods/SDWebImage » SDWebImageDownloader.m
[RUN_FASTLANE] › Compiling expo-image Pods/SDWebImage » SDWebImageDefine.m
[RUN_FASTLANE] › Compiling expo-image Pods/SDWebImage » SDWebImageCompat.m
[RUN_FASTLANE] › Compiling expo-image Pods/SDWebImage » SDWebImageCacheSerializer.m
[RUN_FASTLANE] › Compiling expo-image Pods/SDWebImage » SDWebImageCacheKeyFilter.m
[RUN_FASTLANE] › Compiling expo-image Pods/SDWebImage » SDWebImage-dummy.m
[RUN_FASTLANE] › Compiling expo-image Pods/SDWebImage » SDWeakProxy.m
[RUN_FASTLANE] › Compiling expo-image Pods/SDWebImage » SDMemoryCache.m
[RUN_FASTLANE] › Compiling expo-image Pods/SDWebImage » SDInternalMacros.m
[RUN_FASTLANE] › Compiling expo-image Pods/SDWebImage » SDImageTransformer.m
[RUN_FASTLANE] › Compiling expo-image Pods/SDWebImage » SDImageLoadersManager.m
[RUN_FASTLANE] › Compiling expo-image Pods/SDWebImage » SDImageLoader.m
[RUN_FASTLANE] › Compiling expo-image Pods/SDWebImage » SDImageIOCoder.m
[RUN_FASTLANE] › Compiling expo-image Pods/SDWebImage » SDImageIOAnimatedCoder.m
[RUN_FASTLANE] › Compiling expo-image Pods/SDWebImage » SDImageGraphics.m
[RUN_FASTLANE] › Compiling expo-image Pods/SDWebImage » SDImageHEICCoder.m
[RUN_FASTLANE] › Compiling expo-image Pods/SDWebImage » SDImageGIFCoder.m
[RUN_FASTLANE] › Compiling expo-image Pods/SDWebImage » SDImageFramePool.m
[RUN_FASTLANE] › Compiling expo-image Pods/SDWebImageWebPCoder » UIImage+WebP.m
[RUN_FASTLANE] › Compiling expo-image Pods/SDWebImageWebPCoder » SDWebImageWebPCoderDefine.m
[RUN_FASTLANE] › Compiling expo-image Pods/SDWebImageWebPCoder » SDWebImageWebPCoder-dummy.m
[RUN_FASTLANE] › Compiling expo-image Pods/SDWebImage » SDImageFrame.m
[RUN_FASTLANE] › Compiling expo-image Pods/SDWebImage » SDImageCodersManager.m
[RUN_FASTLANE] › Compiling expo-image Pods/SDWebImage » SDImageCoderHelper.m
[RUN_FASTLANE] › Compiling expo-image Pods/SDWebImage » SDImageCoder.m
[RUN_FASTLANE] › Compiling expo-image Pods/SDWebImage » SDImageCachesManagerOperation.m
[RUN_FASTLANE] › Compiling expo-image Pods/SDWebImage » SDImageCachesManager.m
[RUN_FASTLANE] › Compiling expo-image Pods/SDWebImage » SDImageCacheConfig.m
[RUN_FASTLANE] › Compiling expo-image Pods/SDWebImage » SDImageCacheDefine.m
[RUN_FASTLANE] › Compiling expo-image Pods/SDWebImageWebPCoder » SDImageWebPCoder.m
[RUN_FASTLANE] › Compiling expo-image Pods/SDWebImage » SDImageCache.m
[RUN_FASTLANE] › Compiling expo-image Pods/SDWebImage » SDImageAssetManager.m
[RUN_FASTLANE] › Compiling expo-image Pods/SDWebImage » SDImageAWebPCoder.m
[RUN_FASTLANE] › Compiling expo-image Pods/SDWebImage » SDImageAPNGCoder.m
[RUN_FASTLANE] › Compiling expo-image Pods/SDWebImage » SDGraphicsImageRenderer.m
[RUN_FASTLANE] › Compiling expo-image Pods/SDWebImage » SDFileAttributeHelper.m
[RUN_FASTLANE] › Compiling expo-image Pods/SDWebImage » SDDisplayLink.m
[RUN_FASTLANE] › Compiling expo-image Pods/SDWebImage » SDDeviceHelper.m
[RUN_FASTLANE] › Compiling expo-image Pods/SDWebImage » SDCallbackQueue.m
[RUN_FASTLANE] › Compiling expo-image Pods/SDWebImage » SDDiskCache.m
[RUN_FASTLANE] › Compiling expo-image Pods/SDWebImage » SDAsyncBlockOperation.m
[RUN_FASTLANE] › Compiling expo-image Pods/SDWebImage » SDAssociatedObject.m
[RUN_FASTLANE] › Compiling expo-image Pods/SDWebImage » SDAnimatedImageView.m
[RUN_FASTLANE] › Compiling expo-image Pods/SDWebImage » SDAnimatedImageView+WebCache.m
[RUN_FASTLANE] › Compiling expo-image Pods/SDWebImage » SDAnimatedImageRep.m
[RUN_FASTLANE] › Compiling expo-image Pods/SDWebImage » SDAnimatedImagePlayer.m
[RUN_FASTLANE] › Compiling expo-image Pods/SDWebImage » SDAnimatedImage.m
[RUN_FASTLANE] › Compiling expo-image Pods/SDWebImage » NSImage+Compatibility.m
[RUN_FASTLANE] › Compiling expo-image Pods/SDWebImage » NSData+ImageContentType.m
[RUN_FASTLANE] › Compiling expo-image Pods/SDWebImage » NSButton+WebCache.m
[RUN_FASTLANE] › Preparing react-native-purchases Pods/RevenueCat-RevenueCat » ResourceBundle-RevenueCat-RevenueCat-Info.plist
[RUN_FASTLANE] › Copying   react-native-purchases ios/build/Build/Intermediates.noindex/ArchiveIntermediates/ItsAdventureTime/IntermediateBuildFilesPath/UninstalledProducts/iphoneos/RevenueCat.bundle/PrivacyInfo.xcprivacy ➜ ../../../var/folders/qt/kpfgjxmx6m5clksryb0r58gw0000gn/T/eas-build-local-nodejs/03d30f9d-224b-4cb4-9bc0-6e8443183496/build/ios/Pods/RevenueCat/Sources/PrivacyInfo.xcprivacy
[RUN_FASTLANE] › Compiling expo-image Pods/SDWebImage » NSBezierPath+SDRoundedCorners.m
[RUN_FASTLANE] › Preparing Pods/React-cxxreact-React-cxxreact_privacy » ResourceBundle-React-cxxreact_privacy-React-cxxreact-Info.plist
[RUN_FASTLANE] › Copying   ios/build/Build/Intermediates.noindex/ArchiveIntermediates/ItsAdventureTime/IntermediateBuildFilesPath/UninstalledProducts/iphoneos/React-cxxreact_privacy.bundle/PrivacyInfo.xcprivacy ➜ ../../../var/folders/qt/kpfgjxmx6m5clksryb0r58gw0000gn/T/eas-build-local-nodejs/03d30f9d-224b-4cb4-9bc0-6e8443183496/build/node_modules/react-native/ReactCommon/cxxreact/PrivacyInfo.xcprivacy
[RUN_FASTLANE] › Preparing Pods/React-Core-React-Core_privacy » ResourceBundle-React-Core_privacy-React-Core-Info.plist
[RUN_FASTLANE] › Copying   ios/build/Build/Intermediates.noindex/ArchiveIntermediates/ItsAdventureTime/IntermediateBuildFilesPath/UninstalledProducts/iphoneos/React-Core_privacy.bundle/PrivacyInfo.xcprivacy ➜ ../../../var/folders/qt/kpfgjxmx6m5clksryb0r58gw0000gn/T/eas-build-local-nodejs/03d30f9d-224b-4cb4-9bc0-6e8443183496/build/node_modules/react-native/React/Resources/PrivacyInfo.xcprivacy
[RUN_FASTLANE] › Creating  expo-image Pods/SDWebImage-SDWebImage » SDWebImage.bundle
[RUN_FASTLANE] › Preparing expo-updates Pods/ReachabilitySwift-ReachabilitySwift » ResourceBundle-ReachabilitySwift-ReachabilitySwift-Info.plist
[RUN_FASTLANE] › Copying   expo-updates ios/build/Build/Intermediates.noindex/ArchiveIntermediates/ItsAdventureTime/IntermediateBuildFilesPath/UninstalledProducts/iphoneos/ReachabilitySwift.bundle/PrivacyInfo.xcprivacy ➜ ../../../var/folders/qt/kpfgjxmx6m5clksryb0r58gw0000gn/T/eas-build-local-nodejs/03d30f9d-224b-4cb4-9bc0-6e8443183496/build/ios/Pods/ReachabilitySwift/Sources/PrivacyInfo.xcprivacy
[RUN_FASTLANE] › Creating  react-native-purchases Pods/RevenueCat-RevenueCat » RevenueCat.bundle
[RUN_FASTLANE] › Preparing Pods/RNCAsyncStorage-RNCAsyncStorage_resources » ResourceBundle-RNCAsyncStorage_resources-RNCAsyncStorage-Info.plist
[RUN_FASTLANE] › Copying   ios/build/Build/Intermediates.noindex/ArchiveIntermediates/ItsAdventureTime/IntermediateBuildFilesPath/UninstalledProducts/iphoneos/RNCAsyncStorage_resources.bundle/PrivacyInfo.xcprivacy ➜ ../../../var/folders/qt/kpfgjxmx6m5clksryb0r58gw0000gn/T/eas-build-local-nodejs/03d30f9d-224b-4cb4-9bc0-6e8443183496/build/node_modules/@react-native-async-storage/async-storage/ios/PrivacyInfo.xcprivacy
[RUN_FASTLANE] › Preparing react-native-purchases Pods/PurchasesHybridCommon-PurchasesHybridCommon » ResourceBundle-PurchasesHybridCommon-PurchasesHybridCommon-Info.plist
[RUN_FASTLANE] › Copying   react-native-purchases ios/build/Build/Intermediates.noindex/ArchiveIntermediates/ItsAdventureTime/IntermediateBuildFilesPath/UninstalledProducts/iphoneos/PurchasesHybridCommon.bundle/PrivacyInfo.xcprivacy ➜ ../../../var/folders/qt/kpfgjxmx6m5clksryb0r58gw0000gn/T/eas-build-local-nodejs/03d30f9d-224b-4cb4-9bc0-6e8443183496/build/ios/Pods/PurchasesHybridCommon/ios/PurchasesHybridCommon/PurchasesHybridCommon/PrivacyInfo.xcprivacy
[RUN_FASTLANE] › Creating  Pods/React-cxxreact-React-cxxreact_privacy » React-cxxreact_privacy.bundle
[RUN_FASTLANE] › Creating  Pods/React-Core-React-Core_privacy » React-Core_privacy.bundle
[RUN_FASTLANE] › Preparing Pods/ExpoSystemUI-ExpoSystemUI_privacy » ResourceBundle-ExpoSystemUI_privacy-ExpoSystemUI-Info.plist
[RUN_FASTLANE] › Copying   ios/build/Build/Intermediates.noindex/ArchiveIntermediates/ItsAdventureTime/IntermediateBuildFilesPath/UninstalledProducts/iphoneos/ExpoSystemUI_privacy.bundle/PrivacyInfo.xcprivacy ➜ ../../../var/folders/qt/kpfgjxmx6m5clksryb0r58gw0000gn/T/eas-build-local-nodejs/03d30f9d-224b-4cb4-9bc0-6e8443183496/build/node_modules/expo-system-ui/ios/PrivacyInfo.xcprivacy
[RUN_FASTLANE] › Creating  expo-updates Pods/ReachabilitySwift-ReachabilitySwift » ReachabilitySwift.bundle
[RUN_FASTLANE] › Preparing Pods/ExpoFileSystem-ExpoFileSystem_privacy » ResourceBundle-ExpoFileSystem_privacy-ExpoFileSystem-Info.plist
[RUN_FASTLANE] › Copying   ios/build/Build/Intermediates.noindex/ArchiveIntermediates/ItsAdventureTime/IntermediateBuildFilesPath/UninstalledProducts/iphoneos/ExpoFileSystem_privacy.bundle/PrivacyInfo.xcprivacy ➜ ../../../var/folders/qt/kpfgjxmx6m5clksryb0r58gw0000gn/T/eas-build-local-nodejs/03d30f9d-224b-4cb4-9bc0-6e8443183496/build/node_modules/expo-file-system/ios/PrivacyInfo.xcprivacy
[RUN_FASTLANE] › Creating  Pods/RNCAsyncStorage-RNCAsyncStorage_resources » RNCAsyncStorage_resources.bundle
[RUN_FASTLANE] › Packaging expo-image Pods/SDWebImage » libSDWebImage.a
[RUN_FASTLANE] › Preparing expo-updates Pods/EXUpdates-EXUpdates » ResourceBundle-EXUpdates-EXUpdates-Info.plist
[RUN_FASTLANE] › Creating  react-native-purchases Pods/PurchasesHybridCommon-PurchasesHybridCommon » PurchasesHybridCommon.bundle
[RUN_FASTLANE] › Copying   ios/build/Build/Intermediates.noindex/ArchiveIntermediates/ItsAdventureTime/IntermediateBuildFilesPath/UninstalledProducts/iphoneos/ExpoNotifications_privacy.bundle/PrivacyInfo.xcprivacy ➜ ../../../var/folders/qt/kpfgjxmx6m5clksryb0r58gw0000gn/T/eas-build-local-nodejs/03d30f9d-224b-4cb4-9bc0-6e8443183496/build/node_modules/expo-notifications/ios/PrivacyInfo.xcprivacy
[RUN_FASTLANE] › Preparing Pods/EXNotifications-ExpoNotifications_privacy » ResourceBundle-ExpoNotifications_privacy-EXNotifications-Info.plist
[RUN_FASTLANE] › Creating  Pods/ExpoSystemUI-ExpoSystemUI_privacy » ExpoSystemUI_privacy.bundle
[RUN_FASTLANE] › Creating  Pods/ExpoFileSystem-ExpoFileSystem_privacy » ExpoFileSystem_privacy.bundle
[RUN_FASTLANE] › Packaging expo-image Pods/SDWebImageWebPCoder » libSDWebImageWebPCoder.a
[RUN_FASTLANE] › Packaging expo-image Pods/SDWebImageSVGCoder » libSDWebImageSVGCoder.a
[RUN_FASTLANE] › Packaging expo-image Pods/SDWebImageAVIFCoder » libSDWebImageAVIFCoder.a
[RUN_FASTLANE] › Creating  expo-updates Pods/EXUpdates-EXUpdates » EXUpdates.bundle
[RUN_FASTLANE] › Preparing Pods/EXConstants-ExpoConstants_privacy » ResourceBundle-ExpoConstants_privacy-EXConstants-Info.plist
[RUN_FASTLANE] › Copying   ios/build/Build/Intermediates.noindex/ArchiveIntermediates/ItsAdventureTime/IntermediateBuildFilesPath/UninstalledProducts/iphoneos/ExpoConstants_privacy.bundle/PrivacyInfo.xcprivacy ➜ ../../../var/folders/qt/kpfgjxmx6m5clksryb0r58gw0000gn/T/eas-build-local-nodejs/03d30f9d-224b-4cb4-9bc0-6e8443183496/build/node_modules/expo-constants/ios/PrivacyInfo.xcprivacy
[RUN_FASTLANE] › Preparing expo-constants Pods/EXConstants-EXConstants » ResourceBundle-EXConstants-EXConstants-Info.plist
[RUN_FASTLANE] › Compiling expo-structured-headers Pods/EXStructuredHeaders » EXStructuredHeadersParser.m
[RUN_FASTLANE] › Compiling expo-structured-headers Pods/EXStructuredHeaders » EXStructuredHeaders-dummy.m
[RUN_FASTLANE] › Creating  Pods/EXNotifications-ExpoNotifications_privacy » ExpoNotifications_privacy.bundle
[RUN_FASTLANE] › Compiling expo-json-utils Pods/EXJSONUtils » NSDictionary+EXJSONUtils.m
[RUN_FASTLANE] › Compiling expo-json-utils Pods/EXJSONUtils » EXJSONUtils-dummy.m
[RUN_FASTLANE] › Preparing Pods/EXApplication-ExpoApplication_privacy » ResourceBundle-ExpoApplication_privacy-EXApplication-Info.plist
[RUN_FASTLANE] › Copying   ios/build/Build/Intermediates.noindex/ArchiveIntermediates/ItsAdventureTime/IntermediateBuildFilesPath/UninstalledProducts/iphoneos/ExpoApplication_privacy.bundle/PrivacyInfo.xcprivacy ➜ ../../../var/folders/qt/kpfgjxmx6m5clksryb0r58gw0000gn/T/eas-build-local-nodejs/03d30f9d-224b-4cb4-9bc0-6e8443183496/build/node_modules/expo-application/ios/PrivacyInfo.xcprivacy
[RUN_FASTLANE] › Packaging expo-json-utils Pods/EXJSONUtils » libEXJSONUtils.a
[RUN_FASTLANE] › Creating  Pods/EXConstants-ExpoConstants_privacy » ExpoConstants_privacy.bundle
[RUN_FASTLANE] › Packaging expo-structured-headers Pods/EXStructuredHeaders » libEXStructuredHeaders.a
[RUN_FASTLANE] › Creating  expo-constants Pods/EXConstants-EXConstants » EXConstants.bundle
[RUN_FASTLANE] › Creating  Pods/EXApplication-ExpoApplication_privacy » ExpoApplication_privacy.bundle
[RUN_FASTLANE] › Executing react-native Pods/React-Core-prebuilt » [CP] Copy XCFrameworks
[RUN_FASTLANE] › Executing react-native Pods/React-RCTFBReactNativeSpec » [CP-User] [RN]Check FBReactNativeSpec
[RUN_FASTLANE] › Compiling expo-updates Pods/ReachabilitySwift » ReachabilitySwift-dummy.m
[RUN_FASTLANE] › Compiling react-native-maps Pods/react-native-maps » react-native-maps-dummy.m
[RUN_FASTLANE] › Compiling react-native-maps Pods/react-native-maps » AIRWeakTimerReference.m
[RUN_FASTLANE] › Compiling react-native-maps Pods/react-native-maps » SMCalloutView.m
[RUN_FASTLANE] › Compiling react-native-maps Pods/react-native-maps » RCTComponentData+Maps.m
[RUN_FASTLANE] › Packaging expo-updates Pods/ReachabilitySwift » libReachabilitySwift.a
[RUN_FASTLANE] › Compiling react-native-maps Pods/react-native-maps » RCTConvert+AirMap.m
[RUN_FASTLANE] › Compiling react-native-maps Pods/react-native-maps » AIRWeakMapReference.m
[RUN_FASTLANE] › Compiling react-native-maps Pods/react-native-maps » AIRMapWMSTileManager.m
[RUN_FASTLANE] › Compiling react-native-maps Pods/react-native-maps » AIRMapWMSTile.m
[RUN_FASTLANE] › Compiling react-native-maps Pods/react-native-maps » AIRMapUrlTileManager.m
[RUN_FASTLANE] › Compiling react-native-maps Pods/react-native-maps » AIRMapUrlTileCachedOverlay.m
[RUN_FASTLANE] › Compiling react-native-maps Pods/react-native-maps » AIRMapUrlTile.m
[RUN_FASTLANE] › Compiling react-native-maps Pods/react-native-maps » AIRMapPolylineRenderer.m
[RUN_FASTLANE] › Compiling react-native-maps Pods/react-native-maps » AIRMapPolylineManager.m
[RUN_FASTLANE] › Compiling react-native-maps Pods/react-native-maps » AIRMapPolyline.m
[RUN_FASTLANE] › Compiling react-native-maps Pods/react-native-maps » AIRMapPolygonManager.m
[RUN_FASTLANE] › Compiling react-native-maps Pods/react-native-maps » AIRMapPolygon.m
[RUN_FASTLANE] › Compiling react-native-maps Pods/react-native-maps » AIRMapOverlayRenderer.m
[RUN_FASTLANE] › Compiling react-native-maps Pods/react-native-maps » AIRMapOverlayManager.m
[RUN_FASTLANE] › Compiling react-native-maps Pods/react-native-maps » AIRMapOverlay.m
[RUN_FASTLANE] › Compiling react-native-maps Pods/react-native-maps » AIRMapMarkerManager.m
[RUN_FASTLANE] › Compiling react-native-maps Pods/react-native-maps » AIRMapMarker.m
[RUN_FASTLANE] › Compiling react-native-maps Pods/react-native-maps » AIRMapManager.m
[RUN_FASTLANE] › Compiling react-native-maps Pods/react-native-maps » AIRMapLocalTileOverlay.m
[RUN_FASTLANE] › Compiling react-native-maps Pods/react-native-maps » AIRMapLocalTileManager.m
[RUN_FASTLANE] › Compiling react-native-maps Pods/react-native-maps » AIRMapLocalTile.m
[RUN_FASTLANE] › Compiling react-native-maps Pods/react-native-maps » AIRMapCoordinate.m
[RUN_FASTLANE] › Compiling react-native-maps Pods/react-native-maps » AIRMapCircleManager.m
[RUN_FASTLANE] › Compiling react-native-maps Pods/react-native-maps » AIRMapCircle.m
[RUN_FASTLANE] › Compiling react-native-maps Pods/react-native-maps » AIRMapCalloutSubviewManager.m
[RUN_FASTLANE] › Compiling react-native-maps Pods/react-native-maps » AIRMapCalloutSubview.m
[RUN_FASTLANE] › Compiling react-native-maps Pods/react-native-maps » AIRMapCalloutManager.m
[RUN_FASTLANE] › Compiling react-native-maps Pods/react-native-maps » AIRMapCallout.m
[RUN_FASTLANE] › Executing expo-updates Pods/ReachabilitySwift » Copy generated compatibility header
[RUN_FASTLANE] › Compiling react-native-maps Pods/react-native-maps » AIRMap.m
[RUN_FASTLANE] › Executing my-app Pods/ReactCodegen » [CP-User] Generate Specs
[RUN_FASTLANE] › Packaging react-native-maps Pods/react-native-maps » libreact-native-maps.a
[RUN_FASTLANE] › Compiling react-native-get-random-values Pods/react-native-get-random-values » react-native-get-random-values-dummy.m
[RUN_FASTLANE] › Compiling react-native-get-random-values Pods/react-native-get-random-values » RNGetRandomValues.m
[RUN_FASTLANE] › Packaging react-native-get-random-values Pods/react-native-get-random-values » libreact-native-get-random-values.a
[RUN_FASTLANE] › Compiling my-app Pods/ReactCodegen » safeareacontextJSI-generated.cpp
[RUN_FASTLANE] › Compiling my-app Pods/ReactCodegen » safeareacontext-generated.mm
[RUN_FASTLANE] › Compiling my-app Pods/ReactCodegen » rnworkletsJSI-generated.cpp
[RUN_FASTLANE] › Compiling my-app Pods/ReactCodegen » rnworklets-generated.mm
[RUN_FASTLANE] › Compiling my-app Pods/ReactCodegen » rnscreens-generated.mm
[RUN_FASTLANE] › Compiling my-app Pods/ReactCodegen » rnscreensJSI-generated.cpp
[RUN_FASTLANE] › Compiling my-app Pods/ReactCodegen » rnreanimatedJSI-generated.cpp
[RUN_FASTLANE] › Compiling my-app Pods/ReactCodegen » rnreanimated-generated.mm
[RUN_FASTLANE] › Compiling my-app Pods/ReactCodegen » rngesturehandler_codegenJSI-generated.cpp
[RUN_FASTLANE] › Compiling my-app Pods/ReactCodegen » rngesturehandler_codegen-generated.mm
[RUN_FASTLANE] › Compiling my-app Pods/ReactCodegen » rnasyncstorageJSI-generated.cpp
[RUN_FASTLANE] › Compiling my-app Pods/ReactCodegen » rnasyncstorage-generated.mm
[RUN_FASTLANE] › Compiling my-app Pods/ReactCodegen » reactnativekeyboardcontrollerJSI-generated.cpp
[RUN_FASTLANE] › Compiling my-app Pods/ReactCodegen » reactnativekeyboardcontroller-generated.mm
[RUN_FASTLANE] › Compiling my-app Pods/ReactCodegen » States.cpp
[RUN_FASTLANE] › Compiling my-app Pods/ReactCodegen » States.cpp
[RUN_FASTLANE] › Compiling my-app Pods/ReactCodegen » States.cpp
[RUN_FASTLANE] › Compiling my-app Pods/ReactCodegen » States.cpp
[RUN_FASTLANE] › Compiling my-app Pods/ReactCodegen » States.cpp
[RUN_FASTLANE] › Compiling my-app Pods/ReactCodegen » ShadowNodes.cpp
[RUN_FASTLANE] › Compiling my-app Pods/ReactCodegen » ShadowNodes.cpp
[RUN_FASTLANE] › Compiling my-app Pods/ReactCodegen » ShadowNodes.cpp
[RUN_FASTLANE] › Compiling my-app Pods/ReactCodegen » ShadowNodes.cpp
[RUN_FASTLANE] › Compiling my-app Pods/ReactCodegen » ShadowNodes.cpp
[RUN_FASTLANE] › Compiling my-app Pods/ReactCodegen » RNSentrySpecJSI-generated.cpp
[RUN_FASTLANE] › Compiling my-app Pods/ReactCodegen » RNSentrySpec-generated.mm
[RUN_FASTLANE] › Compiling my-app Pods/ReactCodegen » RCTUnstableModulesRequiringMainQueueSetupProvider.mm
[RUN_FASTLANE] › Compiling my-app Pods/ReactCodegen » RCTThirdPartyComponentsProvider.mm
[RUN_FASTLANE] › Compiling my-app Pods/ReactCodegen » RCTModulesConformingToProtocolsProvider.mm
[RUN_FASTLANE] › Compiling my-app Pods/ReactCodegen » RCTModuleProviders.mm
[RUN_FASTLANE] › Compiling my-app Pods/ReactCodegen » Props.cpp
[RUN_FASTLANE] › Compiling my-app Pods/ReactCodegen » Props.cpp
[RUN_FASTLANE] › Compiling my-app Pods/ReactCodegen » Props.cpp
[RUN_FASTLANE] › Compiling my-app Pods/ReactCodegen » Props.cpp
[RUN_FASTLANE] › Compiling my-app Pods/ReactCodegen » Props.cpp
[RUN_FASTLANE] › Compiling my-app Pods/ReactCodegen » EventEmitters.cpp
[RUN_FASTLANE] › Compiling my-app Pods/ReactCodegen » EventEmitters.cpp
[RUN_FASTLANE] › Compiling my-app Pods/ReactCodegen » EventEmitters.cpp
[RUN_FASTLANE] › Compiling my-app Pods/ReactCodegen » EventEmitters.cpp
[RUN_FASTLANE] › Compiling my-app Pods/ReactCodegen » EventEmitters.cpp
[RUN_FASTLANE] › Compiling my-app Pods/ReactCodegen » ComponentDescriptors.cpp
[RUN_FASTLANE] › Compiling my-app Pods/ReactCodegen » ComponentDescriptors.cpp
[RUN_FASTLANE] › Compiling my-app Pods/ReactCodegen » ComponentDescriptors.cpp
[RUN_FASTLANE] › Compiling my-app Pods/ReactCodegen » ComponentDescriptors.cpp
[RUN_FASTLANE] › Compiling my-app Pods/ReactCodegen » ComponentDescriptors.cpp
[RUN_FASTLANE] › Compiling my-app Pods/ReactCodegen » ReactCodegen-dummy.m
[RUN_FASTLANE] › Compiling react-native-safe-area-context Pods/react-native-safe-area-context » RNCSafeAreaViewState.cpp
[RUN_FASTLANE] › Compiling react-native-safe-area-context Pods/react-native-safe-area-context » RNCSafeAreaViewShadowNode.cpp
[RUN_FASTLANE] › Compiling react-native-safe-area-context Pods/react-native-safe-area-context » RNCSafeAreaViewComponentView.mm
[RUN_FASTLANE] › Compiling react-native-safe-area-context Pods/react-native-safe-area-context » RNCSafeAreaProviderComponentView.mm
[RUN_FASTLANE] › Compiling react-native-safe-area-context Pods/react-native-safe-area-context » RNCSafeAreaContext.mm
[RUN_FASTLANE] › Compiling react-native-safe-area-context Pods/react-native-safe-area-context » react-native-safe-area-context-dummy.m
[RUN_FASTLANE] › Packaging my-app Pods/ReactCodegen » libReactCodegen.a
[RUN_FASTLANE] › Compiling Pods/Sentry » SentryTraceProfiler.mm
[RUN_FASTLANE] › Compiling Pods/Sentry » SentryTime.mm
[RUN_FASTLANE] › Compiling Pods/Sentry » UIViewController+Sentry.m
[RUN_FASTLANE] › Compiling Pods/Sentry » SentryThreadMetadataCache.cpp
[RUN_FASTLANE] › Compiling Pods/Sentry » SentryThreadHandle.cpp
[RUN_FASTLANE] › Compiling Pods/Sentry » SentryThread.mm
[RUN_FASTLANE] › Compiling Pods/Sentry » SentrySystemWrapper.mm
[RUN_FASTLANE] › Compiling Pods/Sentry » SentrySamplingProfiler.cpp
[RUN_FASTLANE] › Compiling Pods/Sentry » SentryProfilerState.mm
[RUN_FASTLANE] › Compiling Pods/Sentry » SentryProfiler.mm
[RUN_FASTLANE] › Compiling Pods/Sentry » SentryProfiledTracerConcurrency.mm
[RUN_FASTLANE] › Compiling Pods/Sentry » SentryProfileCollector.mm
[RUN_FASTLANE] › Compiling Pods/Sentry » SentryMachLogging.cpp
[RUN_FASTLANE] › Compiling Pods/Sentry » SentryError.mm
[RUN_FASTLANE] › Compiling Pods/Sentry » SentryCrashMonitor_CPPException.cpp
[RUN_FASTLANE] › Compiling Pods/Sentry » SentryContinuousProfiler.mm
[RUN_FASTLANE] › Compiling Pods/Sentry » SentryBacktrace.cpp
[RUN_FASTLANE] › Compiling Pods/Sentry » SentyOptionsInternal.m
[RUN_FASTLANE] › Compiling Pods/Sentry » _SentryDispatchQueueWrapperInternal.m
[RUN_FASTLANE] › Compiling Pods/Sentry » SentryWeakMap.m
[RUN_FASTLANE] › Compiling Pods/Sentry » SentryWatchdogTerminationTrackingIntegration.m
[RUN_FASTLANE] › Compiling Pods/Sentry » SentryWatchdogTerminationTracker.m
[RUN_FASTLANE] › Compiling Pods/Sentry » SentryWatchdogTerminationScopeObserver.m
[RUN_FASTLANE] › Compiling Pods/Sentry » SentryWatchdogTerminationLogic.m
[RUN_FASTLANE] › Compiling Pods/Sentry » SentryWatchdogTerminationBreadcrumbProcessor.m
[RUN_FASTLANE] › Compiling Pods/Sentry » SentryViewHierarchyProviderHelper.m
[RUN_FASTLANE] › Compiling Pods/Sentry » SentryViewHierarchyIntegration.m
[RUN_FASTLANE] › Compiling Pods/Sentry » SentryUserFeedbackIntegration.m
[RUN_FASTLANE] › Compiling Pods/Sentry » SentryUserAccess.m
[RUN_FASTLANE] › Compiling Pods/Sentry » SentryUser.m
[RUN_FASTLANE] › Compiling Pods/Sentry » SentryUseNSExceptionCallstackWrapper.m
[RUN_FASTLANE] › Compiling Pods/Sentry » SentryUncaughtNSExceptions.m
[RUN_FASTLANE] › Compiling Pods/Sentry » SentryUIViewControllerSwizzling.m
[RUN_FASTLANE] › Compiling Pods/Sentry » SentryUIEventTrackingIntegration.m
[RUN_FASTLANE] › Compiling Pods/Sentry » SentryUIViewControllerPerformanceTracker.m
[RUN_FASTLANE] › Compiling Pods/Sentry » SentryUIEventTrackerTransactionMode.m
[RUN_FASTLANE] › Compiling Pods/Sentry » SentryUIEventTracker.m
[RUN_FASTLANE] › Compiling Pods/Sentry » SentryTransportFactory.m
[RUN_FASTLANE] › Compiling Pods/Sentry » SentryTransportAdapter.m
[RUN_FASTLANE] › Compiling Pods/Sentry » SentryTransactionContext.m
[RUN_FASTLANE] › Compiling Pods/Sentry » SentryTracerConfiguration.m
[RUN_FASTLANE] › Compiling Pods/Sentry » SentryTransaction.m
[RUN_FASTLANE] › Compiling Pods/Sentry » SentryTraceOrigin.m
[RUN_FASTLANE] › Compiling Pods/Sentry » SentryTracer.m
[RUN_FASTLANE] › Compiling Pods/Sentry » SentryTraceHeader.m
[RUN_FASTLANE] › Compiling Pods/Sentry » SentryTraceContext.m
[RUN_FASTLANE] › Compiling Pods/Sentry » SentryTimeToDisplayTracker.m
[RUN_FASTLANE] › Compiling Pods/Sentry » SentryThreadInspector.m
[RUN_FASTLANE] › Compiling Pods/Sentry » SentrySystemEventBreadcrumbs.m
[RUN_FASTLANE] › Compiling Pods/Sentry » SentrySysctlObjC.m
[RUN_FASTLANE] › Compiling Pods/Sentry » SentrySwizzleWrapper.m
[RUN_FASTLANE] › Compiling Pods/Sentry » SentrySwizzle.m
[RUN_FASTLANE] › Compiling Pods/Sentry » SentrySwiftAsyncIntegration.m
[RUN_FASTLANE] › Compiling Pods/Sentry » SentrySubClassFinder.m
[RUN_FASTLANE] › Compiling Pods/Sentry » SentryStacktraceBuilder.m
[RUN_FASTLANE] › Compiling Pods/Sentry » SentryStacktrace.m
[RUN_FASTLANE] › Compiling Pods/Sentry » SentrySpanStatus.m
[RUN_FASTLANE] › Compiling Pods/Sentry » SentrySpanOperation.m
[RUN_FASTLANE] › Compiling Pods/Sentry » SentrySpotlightTransport.m
[RUN_FASTLANE] › Compiling Pods/Sentry » SentrySpanId.m
[RUN_FASTLANE] › Compiling Pods/Sentry » SentrySpanDataKey.m
[RUN_FASTLANE] › Compiling react-native-safe-area-context Pods/react-native-safe-area-context » RNCSafeAreaViewMode.m
[RUN_FASTLANE] › Compiling react-native-safe-area-context Pods/react-native-safe-area-context » RNCSafeAreaViewManager.m
[RUN_FASTLANE] › Compiling react-native-safe-area-context Pods/react-native-safe-area-context » RNCSafeAreaViewLocalData.m
[RUN_FASTLANE] › Compiling react-native-safe-area-context Pods/react-native-safe-area-context » RNCSafeAreaViewEdges.m
[RUN_FASTLANE] › Compiling react-native-safe-area-context Pods/react-native-safe-area-context » RNCSafeAreaViewEdgeMode.m
[RUN_FASTLANE] › Compiling react-native-safe-area-context Pods/react-native-safe-area-context » RNCSafeAreaView.m
[RUN_FASTLANE] › Compiling react-native-safe-area-context Pods/react-native-safe-area-context » RNCSafeAreaUtils.m
[RUN_FASTLANE] › Compiling react-native-safe-area-context Pods/react-native-safe-area-context » RNCSafeAreaShadowView.m
[RUN_FASTLANE] › Compiling react-native-safe-area-context Pods/react-native-safe-area-context » RNCSafeAreaProviderManager.m
[RUN_FASTLANE] › Compiling react-native-safe-area-context Pods/react-native-safe-area-context » RNCSafeAreaProvider.m
[RUN_FASTLANE] › Compiling react-native-safe-area-context Pods/react-native-safe-area-context » RNCOnInsetsChangeEvent.m
[RUN_FASTLANE] › Compiling Pods/Sentry » SentrySpanContext.m
[RUN_FASTLANE] › Compiling Pods/Sentry » SentrySpan.m
[RUN_FASTLANE] › Compiling Pods/Sentry » SentrySessionTracker.m
[RUN_FASTLANE] › Compiling Pods/Sentry » SentrySessionInternal.m
[RUN_FASTLANE] › Compiling Pods/Sentry » SentrySerialization.m
[RUN_FASTLANE] › Compiling Pods/Sentry » SentryScreenshotIntegration.m
[RUN_FASTLANE] › Compiling Pods/Sentry » SentrySessionReplaySyncC.c
[RUN_FASTLANE] › Compiling Pods/Sentry » SentrySessionReplayIntegration.m
[RUN_FASTLANE] › Compiling Pods/Sentry » SentryScreenFrames.m
[RUN_FASTLANE] › Compiling Pods/Sentry » SentryScopeSyncC.c
[RUN_FASTLANE] › Compiling Pods/Sentry » SentryScope.m
[RUN_FASTLANE] › Compiling Pods/Sentry » SentrySamplingContext.m
[RUN_FASTLANE] › Compiling Pods/Sentry » SentrySampling.m
[RUN_FASTLANE] › Compiling Pods/Sentry » SentrySamplerDecision.m
[RUN_FASTLANE] › Compiling Pods/Sentry » SentrySampleDecision.m
[RUN_FASTLANE] › Compiling Pods/Sentry » SentrySample.m
[RUN_FASTLANE] › Compiling Pods/Sentry » SentrySDKInternal.m
[RUN_FASTLANE] › Compiling Pods/Sentry » SentryRetryAfterHeaderParser.m
[RUN_FASTLANE] › Compiling Pods/Sentry » SentryRequest.m
[RUN_FASTLANE] › Compiling Pods/Sentry » SentryRequestOperation.m
[RUN_FASTLANE] › Compiling Pods/Sentry » SentryReplayApi.m
[RUN_FASTLANE] › Compiling Pods/Sentry » SentryReachability.m
[RUN_FASTLANE] › Compiling Pods/Sentry » SentryRateLimitParser.m
[RUN_FASTLANE] › Compiling Pods/Sentry » SentryQueueableRequestManager.m
[RUN_FASTLANE] › Compiling Pods/Sentry » SentryPropagationContext.m
[RUN_FASTLANE] › Compiling Pods/Sentry » SentryProfilingSwiftHelpers.m
[RUN_FASTLANE] › Compiling Pods/Sentry » SentryProfilerTestHelpers.m
[RUN_FASTLANE] › Compiling Pods/Sentry » SentryProfilerSerialization.m
[RUN_FASTLANE] › Compiling Pods/Sentry » SentryProfileTimeseries.m
[RUN_FASTLANE] › Compiling Pods/Sentry » SentryProfileConfiguration.m
[RUN_FASTLANE] › Compiling Pods/Sentry » SentryPredicateDescriptor.m
[RUN_FASTLANE] › Compiling Pods/Sentry » SentryPerformanceTrackingIntegration.m
[RUN_FASTLANE] › Compiling Pods/Sentry » SentryPerformanceTracker.m
[RUN_FASTLANE] › Compiling Pods/Sentry » SentryOptions.m
[RUN_FASTLANE] › Compiling Pods/Sentry » SentryNoOpSpan.m
[RUN_FASTLANE] › Compiling Pods/Sentry » SentryNetworkTrackingIntegration.m
[RUN_FASTLANE] › Compiling Pods/Sentry » SentryNSURLSessionTaskSearch.m
[RUN_FASTLANE] › Compiling Pods/Sentry » SentryNetworkTracker.m
[RUN_FASTLANE] › Compiling Pods/Sentry » SentryNSURLRequestBuilder.m
[RUN_FASTLANE] › Compiling Pods/Sentry » SentryNSFileManagerSwizzling.m
[RUN_FASTLANE] › Compiling Pods/Sentry » SentryNSError.m
[RUN_FASTLANE] › Compiling Pods/Sentry » SentryNSDictionarySanitize.m
[RUN_FASTLANE] › Compiling Pods/Sentry » SentryNSDataSwizzling.m
[RUN_FASTLANE] › Compiling Pods/Sentry » SentryNSDataUtils.m
[RUN_FASTLANE] › Compiling Pods/Sentry » SentryMetricProfiler.m
[RUN_FASTLANE] › Compiling Pods/Sentry » SentryMsgPackSerializer.m
[RUN_FASTLANE] › Compiling Pods/Sentry » SentryMetricKitIntegration.m
[RUN_FASTLANE] › Compiling Pods/Sentry » SentryMeta.m
[RUN_FASTLANE] › Compiling Pods/Sentry » SentryMechanismMeta.m
[RUN_FASTLANE] › Compiling Pods/Sentry » SentryMechanism.m
[RUN_FASTLANE] › Compiling Pods/Sentry » SentryMeasurementUnit.m
[RUN_FASTLANE] › Compiling Pods/Sentry » SentryLogC.m
[RUN_FASTLANE] › Compiling Pods/Sentry » SentryLevelMapper.m
[RUN_FASTLANE] › Compiling Pods/Sentry » SentryLevelHelper.m
[RUN_FASTLANE] › Compiling Pods/Sentry » SentryLaunchProfiling.m
[RUN_FASTLANE] › Compiling Pods/Sentry » SentryInstallation.m
[RUN_FASTLANE] › Compiling Pods/Sentry » SentryHub.m
[RUN_FASTLANE] › Compiling Pods/Sentry » SentryHttpTransport.m
[RUN_FASTLANE] › Compiling Pods/Sentry » SentryHttpStatusCodeRange.m
[RUN_FASTLANE] › Compiling Pods/Sentry » SentryHttpDateParser.m
[RUN_FASTLANE] › Compiling Pods/Sentry » SentryGeo.m
[RUN_FASTLANE] › Compiling Pods/Sentry » SentryFramesTrackingIntegration.m
[RUN_FASTLANE] › Compiling Pods/Sentry » SentryFramesTracker.m
[RUN_FASTLANE] › Compiling Pods/Sentry » SentryFrame.m
[RUN_FASTLANE] › Compiling Pods/Sentry » SentryFileManager.m
[RUN_FASTLANE] › Compiling Pods/Sentry » SentryFileIOTrackingIntegration.m
[RUN_FASTLANE] › Compiling Pods/Sentry » SentryFeedbackAPI.m
[RUN_FASTLANE] › Compiling Pods/Sentry » SentryFileIOTracker.m
[RUN_FASTLANE] › Compiling Pods/Sentry » SentryExtraContextProvider.m
[RUN_FASTLANE] › Compiling Pods/Sentry » SentryException.m
[RUN_FASTLANE] › Compiling Pods/Sentry » SentryEventSwiftHelper.m
[RUN_FASTLANE] › Compiling Pods/Sentry » SentryEvent.m
[RUN_FASTLANE] › Compiling Pods/Sentry » SentryEnvelopeRateLimit.m
[RUN_FASTLANE] › Compiling Pods/Sentry » SentryEnvelopeItemHeader.m
[RUN_FASTLANE] › Compiling Pods/Sentry » SentryEnvelopeHeaderHelper.m
[RUN_FASTLANE] › Compiling Pods/Sentry » SentryEnvelopeAttachmentHeader.m
[RUN_FASTLANE] › Compiling Pods/Sentry » SentryDummyPrivateEmptyClass.m
[RUN_FASTLANE] › Compiling Pods/Sentry » SentryDummyPublicEmptyClass.m
[RUN_FASTLANE] › Compiling Pods/Sentry » SentryDsn.m
[RUN_FASTLANE] › Compiling Pods/Sentry » SentryDisplayLinkWrapper.m
[RUN_FASTLANE] › Compiling Pods/Sentry » SentryDispatchFactory.m
[RUN_FASTLANE] › Compiling Pods/Sentry » SentryDiscardReasonMapper.m
[RUN_FASTLANE] › Compiling Pods/Sentry » SentryDevice.m
[RUN_FASTLANE] › Compiling Pods/Sentry » SentryDependencyContainerSwiftHelper.m
[RUN_FASTLANE] › Compiling Pods/Sentry » SentryDictionaryDeepSearch.m
[RUN_FASTLANE] › Compiling Pods/Sentry » SentryDependencyContainer.m
[RUN_FASTLANE] › Compiling Pods/Sentry » SentryDelayedFrame.m
[RUN_FASTLANE] › Compiling Pods/Sentry » SentryDelayedFramesTracker.m
[RUN_FASTLANE] › Compiling Pods/Sentry » SentryDefaultRateLimits.m
[RUN_FASTLANE] › Compiling Pods/Sentry » SentryDebugMeta.m
[RUN_FASTLANE] › Compiling Pods/Sentry » SentryDebugImageProvider.m
[RUN_FASTLANE] › Compiling Pods/Sentry » SentryDateUtils.m
[RUN_FASTLANE] › Compiling Pods/Sentry » SentryDateUtil.m
[RUN_FASTLANE] › Compiling Pods/Sentry » SentryCrashUUIDConversion.c
[RUN_FASTLANE] › Compiling Pods/Sentry » SentryDataCategoryMapper.m
[RUN_FASTLANE] › Compiling Pods/Sentry » SentryCrashSysCtl.c
[RUN_FASTLANE] › Compiling Pods/Sentry » SentryCrashSymbolicator.c
[RUN_FASTLANE] › Compiling Pods/Sentry » SentryCrashString.c
[RUN_FASTLANE] › Compiling Pods/Sentry » SentryCrashStackCursor_MachineContext.c
[RUN_FASTLANE] › Compiling Pods/Sentry » SentryCrashStackCursor_Backtrace.c
[RUN_FASTLANE] › Compiling Pods/Sentry » SentryCrashStackCursor.c
[RUN_FASTLANE] › Compiling Pods/Sentry » SentryCrashStackEntryMapper.m
[RUN_FASTLANE] › Compiling Pods/Sentry » SentryCrashSignalInfo.c
[RUN_FASTLANE] › Compiling Pods/Sentry » SentryCrashStackCursor_SelfThread.m
[RUN_FASTLANE] › Compiling Pods/Sentry » SentryCrashThread.c
[RUN_FASTLANE] › Compiling Pods/Sentry » SentryCrashReportStore.c
[RUN_FASTLANE] › Compiling Pods/Sentry » SentryCrashScopeObserver.m
[RUN_FASTLANE] › Compiling Pods/Sentry » SentryCrashReportSink.m
[RUN_FASTLANE] › Compiling Pods/Sentry » SentryCrashReportFilterBasic.m
[RUN_FASTLANE] › Compiling Pods/Sentry » SentryCrashReportConverter.m
[RUN_FASTLANE] › Compiling Pods/Sentry » SentryCrashReport.c
[RUN_FASTLANE] › Compiling Pods/Sentry » SentryCrashNSErrorUtil.m
[RUN_FASTLANE] › Compiling Pods/Sentry » SentryCrashMonitor_Signal.c
[RUN_FASTLANE] › Compiling Pods/Sentry » SentryCrashMonitor_System.m
[RUN_FASTLANE] › Compiling Pods/Sentry » SentryCrashMonitor_MachException.c
[RUN_FASTLANE] › Compiling Pods/Sentry » SentryCrashMonitor_NSException.m
[RUN_FASTLANE] › Compiling Pods/Sentry » SentryCrashMonitor_AppState.c
[RUN_FASTLANE] › Compiling Pods/Sentry » SentryCrashMonitorType.c
[RUN_FASTLANE] › Compiling Pods/Sentry » SentryCrashMonitor.c
[RUN_FASTLANE] › Compiling Pods/Sentry » SentryCrashObjC.c
[RUN_FASTLANE] › Compiling Pods/Sentry » SentryCrashMemory.c
[RUN_FASTLANE] › Compiling Pods/Sentry » SentryCrashMachineContext.c
[RUN_FASTLANE] › Compiling Pods/Sentry » SentryCrashMach.c
[RUN_FASTLANE] › Compiling Pods/Sentry » SentryCrashJSONCodec.c
[RUN_FASTLANE] › Compiling Pods/Sentry » SentryCrashJSONCodecObjC.m
[RUN_FASTLANE] › Compiling Pods/Sentry » SentryCrashMach-O.c
[RUN_FASTLANE] › Compiling Pods/Sentry » SentryCrashIntegrationSessionHandler.m
[RUN_FASTLANE] › Compiling Pods/Sentry » SentryCrashInstallationReporter.m
[RUN_FASTLANE] › Compiling Pods/Sentry » SentryCrashIntegration.m
[RUN_FASTLANE] › Compiling Pods/Sentry » SentryCrashInstallation.m
[RUN_FASTLANE] › Compiling Pods/Sentry » SentryCrashID.c
[RUN_FASTLANE] › Compiling Pods/Sentry » SentryCrashFileUtils.c
[RUN_FASTLANE] › Compiling Pods/Sentry » SentryCrashExceptionApplicationHelper.m
[RUN_FASTLANE] › Compiling Pods/Sentry » SentryCrashDynamicLinker.c
[RUN_FASTLANE] › Compiling Pods/Sentry » SentryCrashExceptionApplication.m
[RUN_FASTLANE] › Compiling Pods/Sentry » SentryCrashDoctor.m
[RUN_FASTLANE] › Compiling Pods/Sentry » SentryCrashDefaultMachineContextWrapper.m
[RUN_FASTLANE] › Compiling Pods/Sentry » SentryCrashDefaultBinaryImageProvider.m
[RUN_FASTLANE] › Compiling Pods/Sentry » SentryCrashDate.c
[RUN_FASTLANE] › Compiling Pods/Sentry » SentryCrashDebug.c
[RUN_FASTLANE] › Compiling Pods/Sentry » SentryCrashCxaThrowSwapper.c
[RUN_FASTLANE] › Compiling Pods/Sentry » SentryCrashCPU_x86_64.c
[RUN_FASTLANE] › Compiling Pods/Sentry » SentryCrashCPU_x86_32.c
[RUN_FASTLANE] › Compiling Pods/Sentry » SentryCrashCachedData.c
[RUN_FASTLANE] › Compiling Pods/Sentry » SentryCrashCPU_arm64.c
[RUN_FASTLANE] › Compiling Pods/Sentry » SentryCrashCPU_arm.c
[RUN_FASTLANE] › Compiling Pods/Sentry » SentryCrashCPU.c
[RUN_FASTLANE] › Compiling Pods/Sentry » SentryCrashC.c
[RUN_FASTLANE] › Compiling Pods/Sentry » SentryCrashBinaryImageCache.c
[RUN_FASTLANE] › Compiling Pods/Sentry » SentryCrash.m
[RUN_FASTLANE] › Compiling Pods/Sentry » SentryConcurrentRateLimitsDictionary.m
[RUN_FASTLANE] › Compiling Pods/Sentry » SentryByteCountFormatter.m
[RUN_FASTLANE] › Compiling Pods/Sentry » SentryClient.m
[RUN_FASTLANE] › Compiling Pods/Sentry » SentryBuildAppStartSpans.m
[RUN_FASTLANE] › Compiling Pods/Sentry » SentryBreadcrumbTracker.m
[RUN_FASTLANE] › Compiling Pods/Sentry » SentryBreadcrumb.m
[RUN_FASTLANE] › Compiling Pods/Sentry » SentryBinaryImageCacheCallbacks.m
[RUN_FASTLANE] › Compiling Pods/Sentry » SentryBaseIntegration.m
[RUN_FASTLANE] › Compiling Pods/Sentry » SentryCoreDataTrackingIntegration.m
[RUN_FASTLANE] › Compiling Pods/Sentry » SentryCoreDataTracker.m
[RUN_FASTLANE] › Compiling Pods/Sentry » SentryCoreDataSwizzling.m
[RUN_FASTLANE] › Compiling Pods/Sentry » SentryBaggage.m
[RUN_FASTLANE] › Compiling Pods/Sentry » SentryAutoSessionTrackingIntegration.m
[RUN_FASTLANE] › Compiling Pods/Sentry » SentryAutoBreadcrumbTrackingIntegration.m
[RUN_FASTLANE] › Compiling Pods/Sentry » SentryAttachment.m
[RUN_FASTLANE] › Compiling Pods/Sentry » SentryAsynchronousOperation.m
[RUN_FASTLANE] › Compiling Pods/Sentry » SentryAsyncSafeLog.c
[RUN_FASTLANE] › Compiling Pods/Sentry » SentryArray.m
[RUN_FASTLANE] › Compiling Pods/Sentry » SentryAsyncLog.m
[RUN_FASTLANE] › Compiling Pods/Sentry » SentryAppStartTrackingIntegration.m
[RUN_FASTLANE] › Compiling Pods/Sentry » SentryAppStateManager.m
[RUN_FASTLANE] › Compiling Pods/Sentry » SentryAppStartMeasurement.m
[RUN_FASTLANE] › Compiling Pods/Sentry » SentryAppStartTracker.m
[RUN_FASTLANE] › Compiling Pods/Sentry » SentryANRTrackerV2.m
[RUN_FASTLANE] › Compiling Pods/Sentry » SentryANRTrackingIntegration.m
[RUN_FASTLANE] › Compiling Pods/Sentry » SentryANRTrackerV1.m
[RUN_FASTLANE] › Compiling Pods/Sentry » Sentry-dummy.m
[RUN_FASTLANE] › Compiling Pods/Sentry » PrivateSentrySDKOnly.m
[RUN_FASTLANE] › Compiling Pods/Sentry » NSMutableDictionary+Sentry.m
[RUN_FASTLANE] › Compiling react-native-keyboard-controller Pods/react-native-keyboard-controller » RNKCOverKeyboardViewState.cpp
[RUN_FASTLANE] › Compiling react-native-keyboard-controller Pods/react-native-keyboard-controller » RNKCOverKeyboardViewShadowNode.cpp
[RUN_FASTLANE] › Compiling react-native-keyboard-controller Pods/react-native-keyboard-controller » RNKCKeyboardGestureAreaShadowNode.cpp
[RUN_FASTLANE] › Compiling react-native-keyboard-controller Pods/react-native-keyboard-controller » RNKCKeyboardExtenderShadowNode.cpp
[RUN_FASTLANE] › Compiling react-native-keyboard-controller Pods/react-native-keyboard-controller » RNKCKeyboardControllerViewShadowNode.cpp
[RUN_FASTLANE] › Compiling react-native-keyboard-controller Pods/react-native-keyboard-controller » RNKCKeyboardBackgroundViewShadowNode.cpp
[RUN_FASTLANE] › Compiling react-native-keyboard-controller Pods/react-native-keyboard-controller » OverKeyboardViewManager.mm
[RUN_FASTLANE] › Compiling react-native-keyboard-controller Pods/react-native-keyboard-controller » KeyboardGestureAreaManager.mm
[RUN_FASTLANE] › Compiling react-native-keyboard-controller Pods/react-native-keyboard-controller » KeyboardExtenderManager.mm
[RUN_FASTLANE] › Compiling react-native-keyboard-controller Pods/react-native-keyboard-controller » KeyboardControllerViewManager.mm
[RUN_FASTLANE] › Compiling react-native-keyboard-controller Pods/react-native-keyboard-controller » KeyboardControllerView.mm
[RUN_FASTLANE] › Compiling react-native-keyboard-controller Pods/react-native-keyboard-controller » KeyboardControllerModule.mm
[RUN_FASTLANE] › Compiling react-native-keyboard-controller Pods/react-native-keyboard-controller » KeyboardBackgroundViewManager.mm
[RUN_FASTLANE] › Compiling Pods/Sentry » NSLocale+Sentry.m
[RUN_FASTLANE] › Packaging Pods/Sentry » libSentry.a
[RUN_FASTLANE] › Compiling react-native-keyboard-controller Pods/react-native-keyboard-controller » react-native-keyboard-controller-dummy.m
[RUN_FASTLANE] › Compiling react-native-keyboard-controller Pods/react-native-keyboard-controller » UITextView+DelegateManager.m
[RUN_FASTLANE] › Compiling react-native-keyboard-controller Pods/react-native-keyboard-controller » RCTUIManager+LayoutAnimationManager.m
[RUN_FASTLANE] › Compiling react-native-keyboard-controller Pods/react-native-keyboard-controller » FocusedInputTextChangedEvent.m
[RUN_FASTLANE] › Compiling react-native-keyboard-controller Pods/react-native-keyboard-controller » FocusedInputLayoutChangedEvent.m
[RUN_FASTLANE] › Compiling react-native-keyboard-controller Pods/react-native-keyboard-controller » FocusedInputSelectionChangedEvent.m
[RUN_FASTLANE] › Executing Pods/Sentry » Copy generated compatibility header
[RUN_FASTLANE] › Compiling my-app Pods/ReactAppDependencyProvider » RCTAppDependencyProvider.mm
[RUN_FASTLANE] › Compiling react-native-worklets Pods/RNWorklets » WorkletsVersion.cpp
[RUN_FASTLANE] › Compiling react-native-worklets Pods/RNWorklets » WorkletsModuleProxy.cpp
[RUN_FASTLANE] › Compiling my-app Pods/ReactAppDependencyProvider » ReactAppDependencyProvider-dummy.m
[RUN_FASTLANE] › Compiling react-native-worklets Pods/RNWorklets » WorkletsModule.mm
[RUN_FASTLANE] › Compiling react-native-worklets Pods/RNWorklets » WorkletsMessageThread.mm
[RUN_FASTLANE] › Compiling react-native-worklets Pods/RNWorklets » WorkletsJSIUtils.cpp
[RUN_FASTLANE] › Compiling react-native-worklets Pods/RNWorklets » WorkletRuntimeRegistry.cpp
[RUN_FASTLANE] › Compiling react-native-worklets Pods/RNWorklets » WorkletRuntimeDecorator.cpp
[RUN_FASTLANE] › Compiling react-native-worklets Pods/RNWorklets » WorkletRuntime.cpp
[RUN_FASTLANE] › Compiling react-native-worklets Pods/RNWorklets » WorkletHermesRuntime.cpp
[RUN_FASTLANE] › Compiling react-native-worklets Pods/RNWorklets » WorkletEventHandler.cpp
[RUN_FASTLANE] › Compiling react-native-worklets Pods/RNWorklets » VersionUtils.cpp
[RUN_FASTLANE] › Compiling react-native-worklets Pods/RNWorklets » ValueUnpacker.cpp
[RUN_FASTLANE] › Compiling react-native-worklets Pods/RNWorklets » UIScheduler.cpp
[RUN_FASTLANE] › Compiling react-native-worklets Pods/RNWorklets » UIRuntimeDecorator.cpp
[RUN_FASTLANE] › Compiling react-native-worklets Pods/RNWorklets » SynchronizableUnpacker.cpp
[RUN_FASTLANE] › Compiling react-native-worklets Pods/RNWorklets » SynchronizableAccess.cpp
[RUN_FASTLANE] › Compiling react-native-worklets Pods/RNWorklets » Synchronizable.cpp
[RUN_FASTLANE] › Compiling react-native-worklets Pods/RNWorklets » SlowAnimations.mm
[RUN_FASTLANE] › Compiling react-native-worklets Pods/RNWorklets » Serializable.cpp
[RUN_FASTLANE] › Compiling react-native-worklets Pods/RNWorklets » RuntimeManager.cpp
[RUN_FASTLANE] › Compiling react-native-worklets Pods/RNWorklets » RuntimeData.cpp
[RUN_FASTLANE] › Compiling react-native-worklets Pods/RNWorklets » RNRuntimeWorkletDecorator.cpp
[RUN_FASTLANE] › Compiling react-native-worklets Pods/RNWorklets » PlatformLogger.mm
[RUN_FASTLANE] › Compiling react-native-worklets Pods/RNWorklets » JSScheduler.cpp
[RUN_FASTLANE] › Compiling react-native-worklets Pods/RNWorklets » JSIWorkletsModuleProxy.cpp
[RUN_FASTLANE] › Compiling react-native-worklets Pods/RNWorklets » JSISerializer.cpp
[RUN_FASTLANE] › Compiling react-native-worklets Pods/RNWorklets » IOSUIScheduler.mm
[RUN_FASTLANE] › Compiling react-native-worklets Pods/RNWorklets » FeatureFlags.cpp
[RUN_FASTLANE] › Compiling react-native-worklets Pods/RNWorklets » EventLoop.cpp
[RUN_FASTLANE] › Compiling react-native-worklets Pods/RNWorklets » EventHandlerRegistry.cpp
[RUN_FASTLANE] › Compiling react-native-worklets Pods/RNWorklets » AsyncQueueImpl.cpp
[RUN_FASTLANE] › Compiling react-native-worklets Pods/RNWorklets » AnimationFrameQueue.mm
[RUN_FASTLANE] › Compiling react-native-worklets Pods/RNWorklets » AnimationFrameBatchinator.cpp
[RUN_FASTLANE] › Packaging react-native-safe-area-context Pods/react-native-safe-area-context » libreact-native-safe-area-context.a
[RUN_FASTLANE] › Packaging react-native-keyboard-controller Pods/react-native-keyboard-controller » libreact-native-keyboard-controller.a
[RUN_FASTLANE] › Packaging my-app Pods/ReactAppDependencyProvider » libReactAppDependencyProvider.a
[RUN_FASTLANE] › Executing react-native-keyboard-controller Pods/react-native-keyboard-controller » Copy generated compatibility header
[RUN_FASTLANE] › Compiling react-native-screens Pods/RNScreens » UIWindow+RNScreens.mm
[RUN_FASTLANE] › Compiling react-native-screens Pods/RNScreens » UIViewController+RNScreens.mm
[RUN_FASTLANE] › Compiling react-native-screens Pods/RNScreens » UIView+RNSUtility.mm
[RUN_FASTLANE] › Compiling react-native-screens Pods/RNScreens » UIScrollView+RNScreens.mm
[RUN_FASTLANE] › Compiling react-native-screens Pods/RNScreens » UINavigationBar+RNSUtility.mm
[RUN_FASTLANE] › Compiling react-native-screens Pods/RNScreens » RNScreensTurboModule.cpp
[RUN_FASTLANE] › Compiling react-native-screens Pods/RNScreens » RNSViewControllerInvalidator.mm
[RUN_FASTLANE] › Compiling react-native-screens Pods/RNScreens » RNSTabsScreenViewController.mm
[RUN_FASTLANE] › Compiling react-native-screens Pods/RNScreens » RNSTabBarControllerDelegate.mm
[RUN_FASTLANE] › Compiling react-native-screens Pods/RNScreens » RNSTabBarController.mm
[RUN_FASTLANE] › Compiling react-native-screens Pods/RNScreens » RNSTabBarAppearanceCoordinator.mm
[RUN_FASTLANE] › Compiling react-native-screens Pods/RNScreens » RNSSplitViewScreenShadowNode.cpp
[RUN_FASTLANE] › Compiling react-native-screens Pods/RNScreens » RNSSearchBar.mm
[RUN_FASTLANE] › Compiling react-native-screens Pods/RNScreens » RNSScrollViewHelper.mm
[RUN_FASTLANE] › Compiling react-native-screens Pods/RNScreens » RNSScrollViewFinder.mm
[RUN_FASTLANE] › Compiling react-native-screens Pods/RNScreens » RNSScreenWindowTraits.mm
[RUN_FASTLANE] › Compiling react-native-screens Pods/RNScreens » RNSScreenViewEvent.mm
[RUN_FASTLANE] › Compiling react-native-screens Pods/RNScreens » RNSScreenState.cpp
[RUN_FASTLANE] › Compiling react-native-screens Pods/RNScreens » RNSScreenStackHeaderSubviewState.cpp
[RUN_FASTLANE] › Compiling react-native-screens Pods/RNScreens » RNSScreenStackHeaderSubviewShadowNode.cpp
[RUN_FASTLANE] › Compiling react-native-screens Pods/RNScreens » RNSScreenStackHeaderSubview.mm
[RUN_FASTLANE] › Compiling react-native-screens Pods/RNScreens » RNSScreenStackHeaderConfigState.cpp
[RUN_FASTLANE] › Compiling react-native-screens Pods/RNScreens » RNSScreenStackHeaderConfigShadowNode.cpp
[RUN_FASTLANE] › Compiling react-native-screens Pods/RNScreens » RNSScreenStackHeaderConfig.mm
[RUN_FASTLANE] › Compiling react-native-screens Pods/RNScreens » RNSScreenStackAnimator.mm
[RUN_FASTLANE] › Compiling react-native-screens Pods/RNScreens » RNSScreenStack.mm
[RUN_FASTLANE] › Compiling react-native-screens Pods/RNScreens » RNSScreenShadowNode.cpp
[RUN_FASTLANE] › Compiling react-native-screens Pods/RNScreens » RNSScreenRemovalListener.cpp
[RUN_FASTLANE] › Compiling react-native-screens Pods/RNScreens » RNSScreenNavigationContainer.mm
[RUN_FASTLANE] › Compiling react-native-screens Pods/RNScreens » RNSScreenFooter.mm
[RUN_FASTLANE] › Compiling react-native-screens Pods/RNScreens » RNSScreenContentWrapper.mm
[RUN_FASTLANE] › Compiling react-native-screens Pods/RNScreens » RNSScreenContainer.mm
[RUN_FASTLANE] › Compiling react-native-screens Pods/RNScreens » RNSScreen.mm
[RUN_FASTLANE] › Compiling react-native-screens Pods/RNScreens » RNSReactBaseView.mm
[RUN_FASTLANE] › Compiling react-native-screens Pods/RNScreens » RNSPercentDrivenInteractiveTransition.mm
[RUN_FASTLANE] › Compiling react-native-screens Pods/RNScreens » RNSModule.mm
[RUN_FASTLANE] › Compiling react-native-screens Pods/RNScreens » RNSModalScreenShadowNode.cpp
[RUN_FASTLANE] › Compiling react-native-screens Pods/RNScreens » RNSModalScreen.mm
[RUN_FASTLANE] › Compiling react-native-screens Pods/RNScreens » RNSInvalidatedComponentsRegistry.mm
[RUN_FASTLANE] › Compiling react-native-screens Pods/RNScreens » RNSHeaderHeightChangeEvent.mm
[RUN_FASTLANE] › Compiling react-native-screens Pods/RNScreens » RNSGammaStubs.mm
[RUN_FASTLANE] › Compiling react-native-screens Pods/RNScreens » RNSFullWindowOverlayShadowNode.cpp
[RUN_FASTLANE] › Compiling react-native-screens Pods/RNScreens » RNSFullWindowOverlay.mm
[RUN_FASTLANE] › Compiling react-native-screens Pods/RNScreens » RNSConvert.mm
[RUN_FASTLANE] › Compiling react-native-screens Pods/RNScreens » RNSConversions.mm
[RUN_FASTLANE] › Compiling react-native-screens Pods/RNScreens » RNSConversions-SplitView.mm
[RUN_FASTLANE] › Compiling react-native-screens Pods/RNScreens » RNSConversions-Fabric.mm
[RUN_FASTLANE] › Compiling react-native-screens Pods/RNScreens » RNSConversions-BottomTabs.mm
[RUN_FASTLANE] › Compiling react-native-screens Pods/RNScreens » RNSBottomTabsState.cpp
[RUN_FASTLANE] › Compiling react-native-screens Pods/RNScreens » RNSBottomTabsShadowNode.cpp
[RUN_FASTLANE] › Compiling react-native-screens Pods/RNScreens » RNSBottomTabsScreenEventEmitter.mm
[RUN_FASTLANE] › Compiling react-native-screens Pods/RNScreens » RNSBottomTabsScreenComponentViewManager.mm
[RUN_FASTLANE] › Compiling react-native-screens Pods/RNScreens » RNSBottomTabsScreenComponentView.mm
[RUN_FASTLANE] › Compiling react-native-screens Pods/RNScreens » RNSBottomTabsHostEventEmitter.mm
[RUN_FASTLANE] › Compiling react-native-screens Pods/RNScreens » RNSBottomTabsHostComponentViewManager.mm
[RUN_FASTLANE] › Compiling react-native-screens Pods/RNScreens » RNSBottomTabsHostComponentView.mm
[RUN_FASTLANE] › Compiling react-native-screens Pods/RNScreens » RNSBottomTabsHostComponentView+RNSImageLoader.mm
[RUN_FASTLANE] › Compiling react-native-screens Pods/RNScreens » RNSBackBarButtonItem.mm
[RUN_FASTLANE] › Compiling react-native-screens Pods/RNScreens » RCTTouchHandler+RNSUtility.mm
[RUN_FASTLANE] › Compiling react-native-screens Pods/RNScreens » RCTSurfaceTouchHandler+RNSUtility.mm
[RUN_FASTLANE] › Compiling react-native-screens Pods/RNScreens » RCTImageComponentView+RNSScreenStackHeaderConfig.mm
[RUN_FASTLANE] › Compiling react-native-screens Pods/RNScreens » RCTConvert+RNScreens.mm
[RUN_FASTLANE] › Compiling react-native-screens Pods/RNScreens » RCTConvert+RNSBottomTabs.mm
[RUN_FASTLANE] › Compiling react-native-screens Pods/RNScreens » NSString+RNSUtility.mm
[RUN_FASTLANE] › Compiling react-native-reanimated Pods/RNReanimated » vectors.cpp
[RUN_FASTLANE] › Compiling react-native-reanimated Pods/RNReanimated » steps.cpp
[RUN_FASTLANE] › Compiling react-native-screens Pods/RNScreens » RNScreens-dummy.m
[RUN_FASTLANE] › Compiling react-native-reanimated Pods/RNReanimated » props.cpp
[RUN_FASTLANE] › Compiling react-native-reanimated Pods/RNReanimated » matrix.cpp
[RUN_FASTLANE] › Compiling react-native-reanimated Pods/RNReanimated » linear.cpp
[RUN_FASTLANE] › Compiling react-native-reanimated Pods/RNReanimated » keyframes.cpp
[RUN_FASTLANE] › Compiling react-native-reanimated Pods/RNReanimated » interpolators.cpp
[RUN_FASTLANE] › Compiling react-native-reanimated Pods/RNReanimated » cubicBezier.cpp
[RUN_FASTLANE] › Compiling react-native-reanimated Pods/RNReanimated » common.cpp
[RUN_FASTLANE] › Packaging react-native-screens Pods/RNScreens » libRNScreens.a
[RUN_FASTLANE] › Compiling react-native-reanimated Pods/RNReanimated » algorithms.cpp
[RUN_FASTLANE] › Compiling react-native-reanimated Pods/RNReanimated » ValueInterpolator.cpp
[RUN_FASTLANE] › Compiling react-native-reanimated Pods/RNReanimated » UpdatesRegistryManager.cpp
[RUN_FASTLANE] › Compiling react-native-reanimated Pods/RNReanimated » UpdatesRegistry.cpp
[RUN_FASTLANE] › Compiling react-native-reanimated Pods/RNReanimated » UIRuntimeDecorator.cpp
[RUN_FASTLANE] › Compiling react-native-reanimated Pods/RNReanimated » TransitionStyleInterpolator.cpp
[RUN_FASTLANE] › Compiling react-native-reanimated Pods/RNReanimated » TransitionProgressProvider.cpp
[RUN_FASTLANE] › Compiling react-native-reanimated Pods/RNReanimated » TransformsStyleInterpolator.cpp
[RUN_FASTLANE] › Compiling react-native-reanimated Pods/RNReanimated » TransformOperationInterpolator.cpp
[RUN_FASTLANE] › Compiling react-native-reanimated Pods/RNReanimated » TransformOperation.cpp
[RUN_FASTLANE] › Compiling react-native-reanimated Pods/RNReanimated » TransformOp.cpp
[RUN_FASTLANE] › Compiling react-native-reanimated Pods/RNReanimated » TransformMatrix3D.cpp
[RUN_FASTLANE] › Compiling react-native-reanimated Pods/RNReanimated » TransformMatrix2D.cpp
[RUN_FASTLANE] › Compiling react-native-reanimated Pods/RNReanimated » StaticPropsRegistry.cpp
[RUN_FASTLANE] › Compiling react-native-reanimated Pods/RNReanimated » SimpleValueInterpolator.cpp
[RUN_FASTLANE] › Compiling react-native-reanimated Pods/RNReanimated » ShadowTreeCloner.cpp
[RUN_FASTLANE] › Compiling react-native-reanimated Pods/RNReanimated » SetGestureState.mm
[RUN_FASTLANE] › Compiling react-native-reanimated Pods/RNReanimated » SVGStrokeDashArray.cpp
[RUN_FASTLANE] › Compiling react-native-reanimated Pods/RNReanimated » SVGLength.cpp
[RUN_FASTLANE] › Compiling react-native-reanimated Pods/RNReanimated » ResolvableValueInterpolator.cpp
[RUN_FASTLANE] › Compiling react-native-reanimated Pods/RNReanimated » RecordPropertiesInterpolator.cpp
[RUN_FASTLANE] › Compiling react-native-reanimated Pods/RNReanimated » ReanimatedVersion.cpp
[RUN_FASTLANE] › Compiling react-native-reanimated Pods/RNReanimated » ReanimatedMountHook.cpp
[RUN_FASTLANE] › Compiling react-native-reanimated Pods/RNReanimated » ReanimatedModuleProxySpec.cpp
[RUN_FASTLANE] › Compiling react-native-reanimated Pods/RNReanimated » ReanimatedModuleProxy.cpp
[RUN_FASTLANE] › Compiling react-native-reanimated Pods/RNReanimated » ReanimatedModule.mm
[RUN_FASTLANE] › Compiling react-native-reanimated Pods/RNReanimated » ReanimatedCommitHook.cpp
[RUN_FASTLANE] › Compiling react-native-reanimated Pods/RNReanimated » RawProgressProvider.cpp
[RUN_FASTLANE] › Compiling react-native-reanimated Pods/RNReanimated » RNRuntimeDecorator.cpp
[RUN_FASTLANE] › Compiling react-native-reanimated Pods/RNReanimated » REASlowAnimations.mm
[RUN_FASTLANE] › Compiling react-native-reanimated Pods/RNReanimated » REANodesManager.mm
[RUN_FASTLANE] › Compiling react-native-reanimated Pods/RNReanimated » REAKeyboardEventObserver.mm
[RUN_FASTLANE] › Compiling react-native-reanimated Pods/RNReanimated » Quaternion.cpp
[RUN_FASTLANE] › Compiling react-native-reanimated Pods/RNReanimated » PropertyInterpolator.cpp
[RUN_FASTLANE] › Compiling react-native-reanimated Pods/RNReanimated » PropValueProcessor.cpp
[RUN_FASTLANE] › Compiling react-native-reanimated Pods/RNReanimated » PlatformDepMethodsHolderImpl.mm
[RUN_FASTLANE] › Compiling react-native-reanimated Pods/RNReanimated » NativeProxy.mm
[RUN_FASTLANE] › Compiling react-native-reanimated Pods/RNReanimated » LayoutAnimationsUtils.cpp
[RUN_FASTLANE] › Compiling react-native-reanimated Pods/RNReanimated » LayoutAnimationsProxy.cpp
[RUN_FASTLANE] › Compiling react-native-reanimated Pods/RNReanimated » LayoutAnimationsManager.cpp
[RUN_FASTLANE] › Compiling react-native-reanimated Pods/RNReanimated » InterpolatorRegistry.cpp
[RUN_FASTLANE] › Compiling react-native-reanimated Pods/RNReanimated » InterpolatorFactory.cpp
[RUN_FASTLANE] › Compiling react-native-reanimated Pods/RNReanimated » GroupPropertiesInterpolator.cpp
[RUN_FASTLANE] › Compiling react-native-reanimated Pods/RNReanimated » FeatureFlags.cpp
[RUN_FASTLANE] › Compiling react-native-reanimated Pods/RNReanimated » EasingFunctions.cpp
[RUN_FASTLANE] › Compiling react-native-reanimated Pods/RNReanimated » DelayedItemsManager.cpp
[RUN_FASTLANE] › Compiling react-native-reanimated Pods/RNReanimated » CSSValueVariant.cpp
[RUN_FASTLANE] › Compiling react-native-reanimated Pods/RNReanimated » CSSTransitionsRegistry.cpp
[RUN_FASTLANE] › Compiling react-native-reanimated Pods/RNReanimated » CSSTransitionConfig.cpp
[RUN_FASTLANE] › Compiling react-native-reanimated Pods/RNReanimated » CSSTransition.cpp
[RUN_FASTLANE] › Compiling react-native-reanimated Pods/RNReanimated » CSSNumber.cpp
[RUN_FASTLANE] › Compiling react-native-reanimated Pods/RNReanimated » CSSLength.cpp
[RUN_FASTLANE] › Compiling react-native-reanimated Pods/RNReanimated » CSSKeyword.cpp
[RUN_FASTLANE] › Compiling react-native-reanimated Pods/RNReanimated » CSSKeyframesRegistry.cpp
[RUN_FASTLANE] › Compiling react-native-reanimated Pods/RNReanimated » CSSKeyframesConfig.cpp
[RUN_FASTLANE] › Compiling react-native-reanimated Pods/RNReanimated » CSSDiscreteArray.cpp
[RUN_FASTLANE] › Compiling react-native-reanimated Pods/RNReanimated » CSSColor.cpp
[RUN_FASTLANE] › Compiling react-native-reanimated Pods/RNReanimated » CSSBoolean.cpp
[RUN_FASTLANE] › Compiling react-native-reanimated Pods/RNReanimated » CSSAnimationsRegistry.cpp
[RUN_FASTLANE] › Compiling react-native-reanimated Pods/RNReanimated » CSSAnimationConfig.cpp
[RUN_FASTLANE] › Compiling react-native-reanimated Pods/RNReanimated » CSSAnimation.cpp
[RUN_FASTLANE] › Compiling react-native-reanimated Pods/RNReanimated » CSSAngle.cpp
[RUN_FASTLANE] › Compiling react-native-reanimated Pods/RNReanimated » ArrayPropertiesInterpolator.cpp
[RUN_FASTLANE] › Compiling react-native-reanimated Pods/RNReanimated » AnimationProgressProvider.cpp
[RUN_FASTLANE] › Compiling react-native-reanimated Pods/RNReanimated » AnimatedSensorModule.cpp
[RUN_FASTLANE] › Compiling react-native-reanimated Pods/RNReanimated » AnimatedPropsRegistry.cpp
[RUN_FASTLANE] › Compiling react-native-gesture-handler Pods/RNGestureHandler » RNNativeViewHandler.mm
[RUN_FASTLANE] › Compiling react-native-gesture-handler Pods/RNGestureHandler » RNGestureHandlerRootViewComponentView.mm
[RUN_FASTLANE] › Compiling react-native-gesture-handler Pods/RNGestureHandler » RNGestureHandlerModule.mm
[RUN_FASTLANE] › Compiling react-native-gesture-handler Pods/RNGestureHandler » RNGestureHandlerManager.mm
[RUN_FASTLANE] › Compiling react-native-gesture-handler Pods/RNGestureHandler » RNGestureHandlerButtonManager.mm
[RUN_FASTLANE] › Compiling react-native-gesture-handler Pods/RNGestureHandler » RNGestureHandlerButtonComponentView.mm
[RUN_FASTLANE] › Compiling react-native-gesture-handler Pods/RNGestureHandler » RNGestureHandlerButton.mm
[RUN_FASTLANE] › Compiling react-native-worklets Pods/RNWorklets » RNWorklets-dummy.m
[RUN_FASTLANE] › Compiling react-native-gesture-handler Pods/RNGestureHandler » RNGestureHandler.mm
[RUN_FASTLANE] › Packaging react-native-worklets Pods/RNWorklets » libRNWorklets.a
[RUN_FASTLANE] › Compiling react-native-purchases Pods/RevenueCat » RevenueCat-dummy.m
[RUN_FASTLANE] › Packaging react-native-purchases Pods/RevenueCat » libRevenueCat.a
[RUN_FASTLANE] › Executing react-native-purchases Pods/RevenueCat » Copy generated compatibility header
[RUN_FASTLANE] › Compiling @sentry/react-native Pods/RNSentry » RNSentryReplayUnmask.mm
[RUN_FASTLANE] › Compiling @sentry/react-native Pods/RNSentry » RNSentryReplayMask.mm
[RUN_FASTLANE] › Compiling @sentry/react-native Pods/RNSentry » RNSentryReplay.mm
[RUN_FASTLANE] › Compiling @sentry/react-native Pods/RNSentry » RNSentry.mm
[RUN_FASTLANE] › Compiling react-native-reanimated Pods/RNReanimated » ReanimatedSensorContainer.m
[RUN_FASTLANE] › Compiling react-native-reanimated Pods/RNReanimated » ReanimatedSensor.m
[RUN_FASTLANE] › Compiling react-native-reanimated Pods/RNReanimated » RCTUIView+Reanimated.m
[RUN_FASTLANE] › Compiling react-native-reanimated Pods/RNReanimated » RNReanimated-dummy.m
[RUN_FASTLANE] › Compiling @sentry/react-native Pods/RNSentry » RNSentry-dummy.m
[RUN_FASTLANE] › Compiling react-native-gesture-handler Pods/RNGestureHandler » RNTapHandler.m
[RUN_FASTLANE] › Compiling react-native-gesture-handler Pods/RNGestureHandler » RNRotationHandler.m
[RUN_FASTLANE] › Compiling react-native-gesture-handler Pods/RNGestureHandler » RNRootViewGestureRecognizer.m
[RUN_FASTLANE] › Compiling react-native-gesture-handler Pods/RNGestureHandler » RNPinchHandler.m
[RUN_FASTLANE] › Compiling react-native-gesture-handler Pods/RNGestureHandler » RNPanHandler.m
[RUN_FASTLANE] › Compiling react-native-gesture-handler Pods/RNGestureHandler » RNManualHandler.m
[RUN_FASTLANE] › Compiling react-native-gesture-handler Pods/RNGestureHandler » RNManualActivationRecognizer.m
[RUN_FASTLANE] › Compiling react-native-gesture-handler Pods/RNGestureHandler » RNLongPressHandler.m
[RUN_FASTLANE] › Compiling react-native-gesture-handler Pods/RNGestureHandler » RNHoverHandler.m
[RUN_FASTLANE] › Compiling react-native-gesture-handler Pods/RNGestureHandler » RNGestureHandlerRegistry.m
[RUN_FASTLANE] › Compiling react-native-gesture-handler Pods/RNGestureHandler » RNGestureHandlerPointerTracker.m
[RUN_FASTLANE] › Compiling react-native-gesture-handler Pods/RNGestureHandler » RNGestureHandlerEvents.m
[RUN_FASTLANE] › Compiling react-native-gesture-handler Pods/RNGestureHandler » RNGHVector.m
[RUN_FASTLANE] › Compiling react-native-gesture-handler Pods/RNGestureHandler » RNGHStylusData.m
[RUN_FASTLANE] › Compiling react-native-gesture-handler Pods/RNGestureHandler » RNForceTouchHandler.m
[RUN_FASTLANE] › Compiling react-native-gesture-handler Pods/RNGestureHandler » RNFlingHandler.m
[RUN_FASTLANE] › Compiling @react-native-async-storage/async-storage Pods/RNCAsyncStorage » RNCAsyncStorage.mm
[RUN_FASTLANE] › Packaging react-native-reanimated Pods/RNReanimated » libRNReanimated.a
[RUN_FASTLANE] › Compiling react-native-gesture-handler Pods/RNGestureHandler » RNGestureHandler-dummy.m
[RUN_FASTLANE] › Packaging react-native-gesture-handler Pods/RNGestureHandler » libRNGestureHandler.a
[RUN_FASTLANE] › Compiling @react-native-async-storage/async-storage Pods/RNCAsyncStorage » RNCAsyncStorage-dummy.m
[RUN_FASTLANE] › Compiling @sentry/react-native Pods/RNSentry » RNSentryVersion.m
[RUN_FASTLANE] › Compiling @sentry/react-native Pods/RNSentry » RNSentryTimeToDisplay.m
[RUN_FASTLANE] › Compiling @sentry/react-native Pods/RNSentry » RNSentryRNSScreen.m
[RUN_FASTLANE] › Compiling @sentry/react-native Pods/RNSentry » RNSentryOnDrawReporter.m
[RUN_FASTLANE] › Compiling @sentry/react-native Pods/RNSentry » RNSentryFramesTrackerListener.m
[RUN_FASTLANE] › Compiling @sentry/react-native Pods/RNSentry » RNSentryEvents.m
[RUN_FASTLANE] › Compiling @sentry/react-native Pods/RNSentry » RNSentryDependencyContainer.m
[RUN_FASTLANE] › Compiling @sentry/react-native Pods/RNSentry » RNSentryReplayQuality.m
[RUN_FASTLANE] › Compiling @sentry/react-native Pods/RNSentry » RNSentryReplayBreadcrumbConverterHelper.m
[RUN_FASTLANE] › Compiling @sentry/react-native Pods/RNSentry » RNSentryReplayBreadcrumbConverter.m
[RUN_FASTLANE] › Compiling @sentry/react-native Pods/RNSentry » RNSentryId.m
[RUN_FASTLANE] › Compiling @sentry/react-native Pods/RNSentry » RNSentryExperimentalOptions.m
[RUN_FASTLANE] › Compiling @sentry/react-native Pods/RNSentry » RNSentryBreadcrumb.m
[RUN_FASTLANE] › Compiling @sentry/react-native Pods/RNSentry » RNSentry+fetchNativeStack.m
[RUN_FASTLANE] › Packaging @sentry/react-native Pods/RNSentry » libRNSentry.a
[RUN_FASTLANE] › Packaging @react-native-async-storage/async-storage Pods/RNCAsyncStorage » libRNCAsyncStorage.a
[RUN_FASTLANE] › Compiling react-native-purchases Pods/PurchasesHybridCommon » PurchasesHybridCommon-dummy.m
[RUN_FASTLANE] › Packaging react-native-purchases Pods/PurchasesHybridCommon » libPurchasesHybridCommon.a
[RUN_FASTLANE] › Executing react-native-purchases Pods/PurchasesHybridCommon » Copy generated compatibility header
[RUN_FASTLANE] › Compiling react-native-purchases Pods/RNPurchases » RNPurchases-dummy.m
[RUN_FASTLANE] › Compiling react-native-purchases Pods/RNPurchases » RNPurchases.m
[RUN_FASTLANE] › Packaging react-native-purchases Pods/RNPurchases » libRNPurchases.a
[RUN_FASTLANE] › Executing react-native-purchases Pods/RNPurchases » Copy generated compatibility header
[RUN_FASTLANE] › Compiling expo-modules-core Pods/ExpoModulesCore » TypedArray.cpp
[RUN_FASTLANE] › Compiling expo-modules-core Pods/ExpoModulesCore » SharedRef.cpp
[RUN_FASTLANE] › Compiling expo-modules-core Pods/ExpoModulesCore » SwiftUIVirtualViewObjC.mm
[RUN_FASTLANE] › Compiling expo-modules-core Pods/ExpoModulesCore » SharedObject.cpp
[RUN_FASTLANE] › Compiling expo-modules-core Pods/ExpoModulesCore » ObjectDeallocator.cpp
[RUN_FASTLANE] › Compiling expo-modules-core Pods/ExpoModulesCore » NativeModule.cpp
[RUN_FASTLANE] › Compiling expo-modules-core Pods/ExpoModulesCore » MainThreadInvoker.mm
[RUN_FASTLANE] › Compiling expo-modules-core Pods/ExpoModulesCore » LazyObject.cpp
[RUN_FASTLANE] › Compiling expo-modules-core Pods/ExpoModulesCore » JSIUtils.cpp
[RUN_FASTLANE] › Compiling expo-modules-core Pods/ExpoModulesCore » ExpoViewShadowNode.cpp
[RUN_FASTLANE] › Compiling expo-modules-core Pods/ExpoModulesCore » ExpoViewProps.cpp
[RUN_FASTLANE] › Compiling expo-modules-core Pods/ExpoModulesCore » ExpoViewEventEmitter.cpp
[RUN_FASTLANE] › Compiling expo-modules-core Pods/ExpoModulesCore » ExpoViewComponentDescriptor.cpp
[RUN_FASTLANE] › Compiling expo-modules-core Pods/ExpoModulesCore » ExpoModulesHostObject.mm
[RUN_FASTLANE] › Compiling expo-modules-core Pods/ExpoModulesCore » ExpoFabricViewObjC.mm
[RUN_FASTLANE] › Compiling expo-modules-core Pods/ExpoModulesCore » ExpoBridgeModule.mm
[RUN_FASTLANE] › Compiling expo-modules-core Pods/ExpoModulesCore » EventEmitter.cpp
[RUN_FASTLANE] › Compiling expo-modules-core Pods/ExpoModulesCore » EXStringUtils.cpp
[RUN_FASTLANE] › Compiling expo-modules-core Pods/ExpoModulesCore » EXSharedObjectUtils.mm
[RUN_FASTLANE] › Compiling expo-modules-core Pods/ExpoModulesCore » EXReactNativeAdapter.mm
[RUN_FASTLANE] › Compiling expo-modules-core Pods/ExpoModulesCore » EXReactDelegateWrapper.mm
[RUN_FASTLANE] › Compiling expo-modules-core Pods/ExpoModulesCore » EXRawJavaScriptFunction.mm
[RUN_FASTLANE] › Compiling expo-modules-core Pods/ExpoModulesCore » EXNativeModulesProxy.mm
[RUN_FASTLANE] › Compiling expo-modules-core Pods/ExpoModulesCore » EXJavaScriptWeakObject.mm
[RUN_FASTLANE] › Compiling expo-modules-core Pods/ExpoModulesCore » EXJavaScriptValue.mm
[RUN_FASTLANE] › Compiling expo-modules-core Pods/ExpoModulesCore » EXJavaScriptTypedArray.mm
[RUN_FASTLANE] › Compiling expo-modules-core Pods/ExpoModulesCore » EXJavaScriptSharedObjectBinding.mm
[RUN_FASTLANE] › Compiling expo-modules-core Pods/ExpoModulesCore » EXJavaScriptRuntime.mm
[RUN_FASTLANE] › Compiling expo-modules-core Pods/ExpoModulesCore » EXJavaScriptObject.mm
[RUN_FASTLANE] › Compiling expo-modules-core Pods/ExpoModulesCore » EXJSIUtils.mm
[RUN_FASTLANE] › Compiling expo-modules-core Pods/ExpoModulesCore » EXJSIInstaller.mm
[RUN_FASTLANE] › Compiling expo-modules-core Pods/ExpoModulesCore » EXJSIConversions.mm
[RUN_FASTLANE] › Compiling expo-modules-core Pods/ExpoModulesCore » EXExportedModule.m
[RUN_FASTLANE] › Compiling expo-modules-core Pods/ExpoModulesCore » EXLogManager.m
[RUN_FASTLANE] › Compiling expo-modules-core Pods/ExpoModulesCore » EXAppDefines.m
[RUN_FASTLANE] › Compiling expo-modules-core Pods/ExpoModulesCore » RCTComponentData+Privates.m
[RUN_FASTLANE] › Compiling expo-modules-core Pods/ExpoModulesCore » EXUtilities.m
[RUN_FASTLANE] › Compiling expo-modules-core Pods/ExpoModulesCore » EXSingletonModule.m
[RUN_FASTLANE] › Compiling expo-modules-core Pods/ExpoModulesCore » EXReactNativeUserNotificationCenterProxy.m
[RUN_FASTLANE] › Compiling expo-modules-core Pods/ExpoModulesCore » EXReactLogHandler.m
[RUN_FASTLANE] › Compiling expo-modules-core Pods/ExpoModulesCore » EXPermissionsService.m
[RUN_FASTLANE] › Compiling expo-modules-core Pods/ExpoModulesCore » EXPermissionsMethodsDelegate.m
[RUN_FASTLANE] › Compiling expo-modules-core Pods/ExpoModulesCore » ExpoModulesCore-dummy.m
[RUN_FASTLANE] › Compiling expo-modules-core Pods/ExpoModulesCore » EXModuleRegistryHolderReactModule.m
[RUN_FASTLANE] › Compiling expo-modules-core Pods/ExpoModulesCore » EXModuleRegistryAdapter.m
[RUN_FASTLANE] › Compiling expo-modules-core Pods/ExpoModulesCore » CoreModuleHelper.m
[RUN_FASTLANE] › Compiling expo-modules-core Pods/ExpoModulesCore » EXModuleRegistryProvider.m
[RUN_FASTLANE] › Compiling expo-modules-core Pods/ExpoModulesCore » EXModuleRegistry.m
[RUN_FASTLANE] › Compiling expo-modules-core Pods/ExpoModulesCore » EXReactNativeEventEmitter.m
[RUN_FASTLANE] › Packaging expo-modules-core Pods/ExpoModulesCore » libExpoModulesCore.a
[RUN_FASTLANE] › Executing expo-modules-core Pods/ExpoModulesCore » Copy generated compatibility header
[RUN_FASTLANE] › Compiling expo-system-ui Pods/ExpoSystemUI » ExpoSystemUI-dummy.m
[RUN_FASTLANE] › Compiling expo-symbols Pods/ExpoSymbols » ExpoSymbols-dummy.m
[RUN_FASTLANE] › Compiling expo-splash-screen Pods/ExpoSplashScreen » ExpoSplashScreen-dummy.m
[RUN_FASTLANE] › Compiling expo-web-browser Pods/ExpoWebBrowser » ExpoWebBrowser-dummy.m
[RUN_FASTLANE] › Compiling expo-speech Pods/ExpoSpeech » ExpoSpeech-dummy.m
[RUN_FASTLANE] › Compiling expo-linking Pods/ExpoLinking » ExpoLinking-dummy.m
[RUN_FASTLANE] › Compiling expo-sms Pods/ExpoSMS » ExpoSMS-dummy.m
[RUN_FASTLANE] › Compiling expo-sharing Pods/ExpoSharing » ExpoSharing-dummy.m
[RUN_FASTLANE] › Packaging expo-web-browser Pods/ExpoWebBrowser » libExpoWebBrowser.a
[RUN_FASTLANE] › Compiling expo-linear-gradient Pods/ExpoLinearGradient » ExpoLinearGradient-dummy.m
[RUN_FASTLANE] › Packaging expo-system-ui Pods/ExpoSystemUI » libExpoSystemUI.a
[RUN_FASTLANE] › Packaging expo-symbols Pods/ExpoSymbols » libExpoSymbols.a
[RUN_FASTLANE] › Packaging expo-splash-screen Pods/ExpoSplashScreen » libExpoSplashScreen.a
[RUN_FASTLANE] › Packaging expo-speech Pods/ExpoSpeech » libExpoSpeech.a
[RUN_FASTLANE] › Packaging expo-sharing Pods/ExpoSharing » libExpoSharing.a
[RUN_FASTLANE] › Packaging expo-sms Pods/ExpoSMS » libExpoSMS.a
[RUN_FASTLANE] › Packaging expo-linking Pods/ExpoLinking » libExpoLinking.a
[RUN_FASTLANE] › Packaging expo-linear-gradient Pods/ExpoLinearGradient » libExpoLinearGradient.a
[RUN_FASTLANE] › Executing expo-web-browser Pods/ExpoWebBrowser » Copy generated compatibility header
[RUN_FASTLANE] › Executing expo-system-ui Pods/ExpoSystemUI » Copy generated compatibility header
[RUN_FASTLANE] › Executing expo-symbols Pods/ExpoSymbols » Copy generated compatibility header
[RUN_FASTLANE] › Executing expo-splash-screen Pods/ExpoSplashScreen » Copy generated compatibility header
[RUN_FASTLANE] › Executing expo-speech Pods/ExpoSpeech » Copy generated compatibility header
[RUN_FASTLANE] › Executing expo-sharing Pods/ExpoSharing » Copy generated compatibility header
[RUN_FASTLANE] › Executing expo-sms Pods/ExpoSMS » Copy generated compatibility header
[RUN_FASTLANE] › Executing expo-linking Pods/ExpoLinking » Copy generated compatibility header
[RUN_FASTLANE] › Executing expo-linear-gradient Pods/ExpoLinearGradient » Copy generated compatibility header
[RUN_FASTLANE] › Compiling expo-keep-awake Pods/ExpoKeepAwake » ExpoKeepAwake-dummy.m
[RUN_FASTLANE] › Packaging expo-keep-awake Pods/ExpoKeepAwake » libExpoKeepAwake.a
[RUN_FASTLANE] › Executing expo-keep-awake Pods/ExpoKeepAwake » Copy generated compatibility header
[RUN_FASTLANE] › Compiling expo-location Pods/ExpoLocation » ExpoLocation-dummy.m
[RUN_FASTLANE] › Compiling expo-location Pods/ExpoLocation » EXLocation.m
[RUN_FASTLANE] › Compiling expo-location Pods/ExpoLocation » EXLocationTaskConsumer.m
[RUN_FASTLANE] › Compiling expo-location Pods/ExpoLocation » EXLocationPermissionRequester.m
[RUN_FASTLANE] › Compiling expo-location Pods/ExpoLocation » EXGeofencingTaskConsumer.m
[RUN_FASTLANE] › Compiling expo-location Pods/ExpoLocation » EXForegroundPermissionRequester.m
[RUN_FASTLANE] › Compiling expo-location Pods/ExpoLocation » EXBaseLocationRequester.m
[RUN_FASTLANE] › Compiling expo-location Pods/ExpoLocation » EXBackgroundLocationPermissionRequester.m
[RUN_FASTLANE] › Packaging expo-location Pods/ExpoLocation » libExpoLocation.a
[RUN_FASTLANE] › Executing expo-location Pods/ExpoLocation » Copy generated compatibility header
[RUN_FASTLANE] › Compiling expo-haptics Pods/ExpoHaptics » ExpoHaptics-dummy.m
[RUN_FASTLANE] › Packaging expo-haptics Pods/ExpoHaptics » libExpoHaptics.a
[RUN_FASTLANE] › Executing expo-haptics Pods/ExpoHaptics » Copy generated compatibility header
[RUN_FASTLANE] › Compiling expo-glass-effect Pods/ExpoGlassEffect » ExpoGlassEffect-dummy.m
[RUN_FASTLANE] › Compiling expo-blur Pods/ExpoBlur » ExpoBlur-dummy.m
[RUN_FASTLANE] › Packaging expo-glass-effect Pods/ExpoGlassEffect » libExpoGlassEffect.a
[RUN_FASTLANE] › Packaging expo-blur Pods/ExpoBlur » libExpoBlur.a
[RUN_FASTLANE] › Compiling expo-asset Pods/ExpoAsset » ExpoAsset-dummy.m
[RUN_FASTLANE] › Executing expo-glass-effect Pods/ExpoGlassEffect » Copy generated compatibility header
[RUN_FASTLANE] › Packaging expo-asset Pods/ExpoAsset » libExpoAsset.a
[RUN_FASTLANE] › Executing expo-blur Pods/ExpoBlur » Copy generated compatibility header
[RUN_FASTLANE] › Executing expo-asset Pods/ExpoAsset » Copy generated compatibility header
[RUN_FASTLANE] › Compiling expo-image-picker Pods/ExpoImagePicker » ExpoImagePicker-dummy.m
[RUN_FASTLANE] › Packaging expo-image-picker Pods/ExpoImagePicker » libExpoImagePicker.a
[RUN_FASTLANE] › Compiling expo-font Pods/ExpoFont » ExpoFont-dummy.m
[RUN_FASTLANE] › Packaging expo-font Pods/ExpoFont » libExpoFont.a
[RUN_FASTLANE] › Compiling expo-updates-interface Pods/EXUpdatesInterface » noop-file.m
[RUN_FASTLANE] › Compiling expo-updates-interface Pods/EXUpdatesInterface » EXUpdatesInterface-dummy.m
[RUN_FASTLANE] › Executing expo-image-picker Pods/ExpoImagePicker » Copy generated compatibility header
[RUN_FASTLANE] › Executing expo-font Pods/ExpoFont » Copy generated compatibility header
[RUN_FASTLANE] › Packaging expo-updates-interface Pods/EXUpdatesInterface » libEXUpdatesInterface.a
[RUN_FASTLANE] › Executing expo-updates-interface Pods/EXUpdatesInterface » Copy generated compatibility header
[RUN_FASTLANE] › Executing expo-constants Pods/EXConstants » [CP-User] Generate app.config for prebuilt Constants.manifest
[RUN_FASTLANE] › Compiling expo-image-loader Pods/EXImageLoader » EXImageLoader.m
[RUN_FASTLANE] › Compiling expo-image-loader Pods/EXImageLoader » EXImageLoader-dummy.m
[RUN_FASTLANE] › Packaging expo-image-loader Pods/EXImageLoader » libEXImageLoader.a
[RUN_FASTLANE] › Compiling expo Pods/Expo » EXReactRootViewFactory.mm
[RUN_FASTLANE] › Compiling expo Pods/Expo » EXAppDelegateWrapper.mm
[RUN_FASTLANE] › Compiling expo Pods/Expo » Expo-dummy.m
[RUN_FASTLANE] › Compiling expo-manifests Pods/EXManifests » EXManifests-dummy.m
[RUN_FASTLANE] › Compiling expo-constants Pods/EXConstants » EXConstantsService.m
[RUN_FASTLANE] › Compiling expo-constants Pods/EXConstants » EXConstantsInstallationIdProvider.m
[RUN_FASTLANE] › Packaging expo-manifests Pods/EXManifests » libEXManifests.a
[RUN_FASTLANE] › Compiling expo-constants Pods/EXConstants » EXConstants-dummy.m
[RUN_FASTLANE] › Packaging expo-constants Pods/EXConstants » libEXConstants.a
[RUN_FASTLANE] › Compiling expo-image Pods/ExpoImage » ExpoImage-dummy.m
[RUN_FASTLANE] › Compiling expo-file-system Pods/ExpoFileSystem » EXTaskHandlersManager.m
[RUN_FASTLANE] › Compiling expo-file-system Pods/ExpoFileSystem » ExpoFileSystem-dummy.m
[RUN_FASTLANE] › Compiling expo-file-system Pods/ExpoFileSystem » NSData+EXFileSystem.m
[RUN_FASTLANE] › Packaging expo-image Pods/ExpoImage » libExpoImage.a
[RUN_FASTLANE] › Compiling expo-file-system Pods/ExpoFileSystem » EXSessionUploadTaskDelegate.m
[RUN_FASTLANE] › Compiling expo-file-system Pods/ExpoFileSystem » EXSessionTaskDispatcher.m
[RUN_FASTLANE] › Compiling expo-file-system Pods/ExpoFileSystem » EXSessionTaskDelegate.m
[RUN_FASTLANE] › Compiling expo-file-system Pods/ExpoFileSystem » EXSessionResumableDownloadTaskDelegate.m
[RUN_FASTLANE] › Compiling expo-file-system Pods/ExpoFileSystem » EXSessionHandler.m
[RUN_FASTLANE] › Compiling expo-file-system Pods/ExpoFileSystem » EXSessionDownloadTaskDelegate.m
[RUN_FASTLANE] › Compiling expo-file-system Pods/ExpoFileSystem » EXSessionCancelableUploadTaskDelegate.m
[RUN_FASTLANE] › Executing expo-image Pods/ExpoImage » Copy generated compatibility header
[RUN_FASTLANE] › Executing expo-manifests Pods/EXManifests » Copy generated compatibility header
[RUN_FASTLANE] › Compiling expo Pods/Expo » EXLegacyAppDelegateWrapper.m
[RUN_FASTLANE] › Compiling expo-notifications Pods/EXNotifications » EXUserFacingNotificationsPermissionsRequester.m
[RUN_FASTLANE] › Compiling expo-notifications Pods/EXNotifications » EXNotifications-dummy.m
[RUN_FASTLANE] › Compiling expo-notifications Pods/EXNotifications » EXNotificationSerializer.m
[RUN_FASTLANE] › Compiling expo Pods/Expo » EXAppDelegatesLoader.m
[RUN_FASTLANE] › Compiling expo-file-system Pods/ExpoFileSystem » EXFileSystemLocalFileHandler.m
[RUN_FASTLANE] › Compiling expo Pods/Expo » EXAppDefinesLoader.m
[RUN_FASTLANE] › Compiling expo-file-system Pods/ExpoFileSystem » EXFileSystemAssetLibraryHandler.m
[RUN_FASTLANE] › Executing expo-constants Pods/EXConstants » Copy generated compatibility header
[RUN_FASTLANE] › Packaging expo-notifications Pods/EXNotifications » libEXNotifications.a
[RUN_FASTLANE] › Executing expo-file-system Pods/ExpoFileSystem » Copy generated compatibility header
[RUN_FASTLANE] › Executing expo-notifications Pods/EXNotifications » Copy generated compatibility header
[RUN_FASTLANE] › Compiling expo-application Pods/EXApplication » EXProvisioningProfile.m
[RUN_FASTLANE] › Compiling expo-eas-client Pods/EASClient » EASClient-dummy.m
[RUN_FASTLANE] › Compiling expo-application Pods/EXApplication » EXApplication-dummy.m
[RUN_FASTLANE] › Packaging expo-eas-client Pods/EASClient » libEASClient.a
[RUN_FASTLANE] › Executing expo-eas-client Pods/EASClient » Copy generated compatibility header
[RUN_FASTLANE] › Packaging expo-application Pods/EXApplication » libEXApplication.a
[RUN_FASTLANE] › Executing expo-application Pods/EXApplication » Copy generated compatibility header
[RUN_FASTLANE] › Executing expo-updates Pods/EXUpdates » [CP-User] Generate updates resources for expo-updates
[RUN_FASTLANE] › Packaging expo Pods/Expo » libExpo.a
[RUN_FASTLANE] › Executing expo Pods/Expo » Copy generated compatibility header
[RUN_FASTLANE] › Compiling expo-camera Pods/ExpoCamera » ExpoCamera-dummy.m
[RUN_FASTLANE] › Packaging expo-camera Pods/ExpoCamera » libExpoCamera.a
[RUN_FASTLANE] › Executing expo-camera Pods/ExpoCamera » Copy generated compatibility header
[RUN_FASTLANE] › Compiling expo-updates Pods/EXUpdates » EXUpdates-dummy.m
[RUN_FASTLANE] › Compiling expo-updates Pods/EXUpdates » EXDeferredRCTRootView.m
[RUN_FASTLANE] › Packaging expo-updates Pods/EXUpdates » libEXUpdates.a
[RUN_FASTLANE] › Executing expo-updates Pods/EXUpdates » Copy generated compatibility header
[RUN_FASTLANE] › Compiling Pods/Pods-ItsAdventureTime » Pods-ItsAdventureTime-dummy.m
[RUN_FASTLANE] › Packaging Pods/Pods-ItsAdventureTime » libPods-ItsAdventureTime.a
[RUN_FASTLANE] › Executing ItsAdventureTime » [CP] Check Pods Manifest.lock
[RUN_FASTLANE] › Executing ItsAdventureTime » [Expo] Configure project
[RUN_FASTLANE] › Copying   ios/ItsAdventureTime/Supporting/Expo.plist ➜ ./Expo.plist
[RUN_FASTLANE] › Copying   ios/build/Build/Intermediates.noindex/ArchiveIntermediates/ItsAdventureTime/InstallationBuildProductsLocation/Applications/ItsAdventureTime.app/PrivacyInfo.xcprivacy ➜ ../../../var/folders/qt/kpfgjxmx6m5clksryb0r58gw0000gn/T/eas-build-local-nodejs/03d30f9d-224b-4cb4-9bc0-6e8443183496/build/ios/ItsAdventureTime/PrivacyInfo.xcprivacy
[RUN_FASTLANE] › Compiling ItsAdventureTime » SplashScreen.storyboard
[RUN_FASTLANE] › Preparing ItsAdventureTime » Info.plist
[RUN_FASTLANE] › Compiling ItsAdventureTime » ItsAdventureTime_vers.c
[RUN_FASTLANE] › Linking   ItsAdventureTime » ItsAdventureTime
[RUN_FASTLANE] 
⚠️  (ios/ItsAdventureTime.xcodeproj:)


ignoring duplicate libraries: '-lc++'
(warning truncated)
[RUN_FASTLANE] › Generating debug ItsAdventureTime » ItsAdventureTime.app.dSYM
[RUN_FASTLANE] › Executing ItsAdventureTime » [CP] Copy Pods Resources
[RUN_FASTLANE] › Executing ItsAdventureTime » [CP] Embed Pods Frameworks
[RUN_FASTLANE] › Signing   ItsAdventureTime » ItsAdventureTime.app
[RUN_FASTLANE] › Creating  ItsAdventureTime » ItsAdventureTime.app
[RUN_FASTLANE] ⚠️  Pods/react-native-maps-ReactNativeMapsPrivacy: iOS@11.0 deployment version mismatch, expected >= 2.0 <= 26.5.99
[RUN_FASTLANE] ⚠️  Pods/Sentry-Sentry: iOS@11.0 deployment version mismatch, expected >= 2.0 <= 26.5.99
[RUN_FASTLANE] ⚠️  Pods/SDWebImage-SDWebImage: iOS@9.0 deployment version mismatch, expected >= 2.0 <= 26.5.99
[RUN_FASTLANE] › Archive Succeeded
[RUN_FASTLANE] Generated plist file with the following values:
[RUN_FASTLANE] ▸ -----------------------------------------
[RUN_FASTLANE] ▸ {
[RUN_FASTLANE] ▸   "method": "app-store",
[RUN_FASTLANE] ▸   "provisioningProfiles": {
[RUN_FASTLANE] ▸     "com.masongallegos.itsadventuretime": "169ad913-9163-4370-ad4c-1e6319b53571"
[RUN_FASTLANE] ▸   },
[RUN_FASTLANE] ▸   "signingStyle": "manual"
[RUN_FASTLANE] ▸ }
[RUN_FASTLANE] ▸ -----------------------------------------
[RUN_FASTLANE] $ /usr/bin/xcrun /opt/homebrew/Cellar/fastlane/2.237.0/libexec/gems/fastlane-2.237.0/gym/lib/assets/wrap_xcodebuild/xcbuild-safe.sh -exportArchive -exportOptionsPlist '/var/folders/qt/kpfgjxmx6m5clksryb0r58gw0000gn/T/gym_config20260721-90360-8gm4um.plist' -archivePath /Users/sinjin/Library/Developer/Xcode/Archives/2026-07-21/ItsAdventureTime\ 2026-07-21\ 00.52.44.xcarchive -exportPath '/var/folders/qt/kpfgjxmx6m5clksryb0r58gw0000gn/T/gym_output20260721-90360-s3hlm7' OTHER_CODE_SIGN_FLAGS="--keychain /var/folders/qt/kpfgjxmx6m5clksryb0r58gw0000gn/T/eas-build-b8580012-f509-4263-b8ae-cbd4c09fb4ab.keychain"
[RUN_FASTLANE] Compressing 1 dSYM(s)
[RUN_FASTLANE] $ cd '/Users/sinjin/Library/Developer/Xcode/Archives/2026-07-21/ItsAdventureTime 2026-07-21 00.52.44.xcarchive/dSYMs' && zip -r '/private/var/folders/qt/kpfgjxmx6m5clksryb0r58gw0000gn/T/eas-build-local-nodejs/03d30f9d-224b-4cb4-9bc0-6e8443183496/build/ios/build/ItsAdventureTime.app.dSYM.zip' *.dSYM
[RUN_FASTLANE] ▸   adding: ItsAdventureTime.app.dSYM/ (stored 0%)
[RUN_FASTLANE] ▸   adding: ItsAdventureTime.app.dSYM/Contents/ (stored 0%)
[RUN_FASTLANE] ▸   adding: ItsAdventureTime.app.dSYM/Contents/Resources/ (stored 0%)
[RUN_FASTLANE] ▸   adding: ItsAdventureTime.app.dSYM/Contents/Resources/Relocations/ (stored 0%)
[RUN_FASTLANE] ▸   adding: ItsAdventureTime.app.dSYM/Contents/Resources/Relocations/aarch64/ (stored 0%)
[RUN_FASTLANE] ▸   adding: ItsAdventureTime.app.dSYM/Contents/Resources/Relocations/aarch64/ItsAdventureTime.yml (deflated 89%)
[RUN_FASTLANE] ▸   adding: ItsAdventureTime.app.dSYM/Contents/Resources/DWARF/ (stored 0%)
[RUN_FASTLANE] ▸   adding: ItsAdventureTime.app.dSYM/Contents/Resources/DWARF/ItsAdventureTime (deflated 73%)
[RUN_FASTLANE] ▸   adding: ItsAdventureTime.app.dSYM/Contents/Info.plist (deflated 52%)
[RUN_FASTLANE] Successfully exported and compressed dSYM file
[RUN_FASTLANE] Successfully exported and signed the ipa file:
[RUN_FASTLANE] /private/var/folders/qt/kpfgjxmx6m5clksryb0r58gw0000gn/T/eas-build-local-nodejs/03d30f9d-224b-4cb4-9bc0-6e8443183496/build/ios/build/ItsAdventureTime.ipa
[CLEAN_UP_CREDENTIALS] Destroying keychain - /var/folders/qt/kpfgjxmx6m5clksryb0r58gw0000gn/T/eas-build-b8580012-f509-4263-b8ae-cbd4c09fb4ab.keychain
[CLEAN_UP_CREDENTIALS] Removing provisioning profile
[PARSE_XCACTIVITYLOG] Local builds skip build performance analysis.
[UPLOAD_APPLICATION_ARCHIVE] Application archives:
[UPLOAD_APPLICATION_ARCHIVE]   - /var/folders/qt/kpfgjxmx6m5clksryb0r58gw0000gn/T/eas-build-local-nodejs/03d30f9d-224b-4cb4-9bc0-6e8443183496/build/ios/build/ItsAdventureTime.ipa (24.2 MB)
[UPLOAD_APPLICATION_ARCHIVE] Uploading application archive...
[PREPARE_ARTIFACTS] Preparing artifacts
[PREPARE_ARTIFACTS] Writing artifacts to /Users/sinjin/its-adventure-time/build-6.ipa
[SAVE_CACHE] Local builds do not support saving cache.

Build successful
You can find the build artifacts in /Users/sinjin/its-adventure-time/build-6.ipa
