
⚠️ Detected that your app uses Expo Go for development, this is not recommended when building production apps.
Learn more: https://expo.fyi/why-not-build-expo-go-for-production
To suppress this warning, set EAS_BUILD_NO_EXPO_GO_WARNING=true.

Environment variables with visibility "Plain text" and "Sensitive" loaded from the "production" environment on EAS: EXPO_PUBLIC_REVENUECAT_ANDROID_KEY, EXPO_PUBLIC_REVENUECAT_IOS_KEY.

✔ Using remote iOS credentials (Expo server)

Distribution Certificate is not validated for non-interactive builds.
Using App Store Connect API Key from EAS credentials service.
- Fetching Apple provisioning profiles
✔ Fetched Apple provisioning profiles

Project Credentials Configuration

Project                   @sinjingallegos/my-app
Bundle Identifier         com.masongallegos.itsadventuretime
                          
App Store Configuration   
                          
Distribution Certificate  
Serial Number             1CF286B09CDB2E9F1F5936E12343332
Expiration Date           Fri, 16 Jul 2027 00:04:16 MDT
Apple Team                2AU7KFCM84 (Mason Gallegos (Individual))
Updated                   5 days ago
                          
Provisioning Profile      
Developer Portal ID       MQWRXHA955
Status                    active
Expiration                Fri, 16 Jul 2027 00:04:16 MDT
Apple Team                2AU7KFCM84 (Mason Gallegos (Individual))
Updated                   4 days ago
                          
All credentials are ready to build @sinjingallegos/my-app (com.masongallegos.itsadventuretime)

- Compressing project files
- Computing project fingerprint
⌛️ Computing the project fingerprint is taking longer than expected...
⏩ To skip this step, set the environment variable: EAS_SKIP_AUTO_FINGERPRINT=1
✔ Computed project fingerprint
[SETUP_WORKINGDIR] Preparing workingdir /var/folders/qt/kpfgjxmx6m5clksryb0r58gw0000gn/T/eas-build-local-nodejs/5579abcf-f9de-472f-99c1-cded4323ccb7
[START_BUILD] Starting build
  "job": {
    "type": "managed",
    "platform": "ios",
    "projectArchive": {
      "type": "PATH",
      "path": "/var/folders/qt/kpfgjxmx6m5clksryb0r58gw0000gn/T/eas-cli-nodejs/4868bfa3-dc89-4b27-9a3a-2e4ac91344d0.tar.gz"
    },
    "projectRootDirectory": ".",
    "builderEnvironment": {
      "env": {}
    },
    "cache": {
      "disabled": false,
      "paths": [],
      "clear": false
    },
    "updates": {},
    "scheme": "ItsAdventureTime",
    "environment": "production",
    "username": "sinjingallegos",
    "experimental": {},
    "mode": "build",
    "triggeredBy": "EAS_CLI",
    "appId": "02cac41b-21af-4ee7-bda0-26b4042a9013",
    "initiatingUserId": "07ee2280-99a4-4835-b97f-c422face7e32"
  }
Local build, skipping project archive refresh
[READ_EAS_JSON] Using eas.json:
[READ_EAS_JSON] {
  "cli": {
    "version": ">= 5.2.0",
    "appVersionSource": "local"
  },
  "build": {
    "development": {
      "developmentClient": true,
      "distribution": "internal",
      "environment": "development",
      "ios": {
        "scheme": "ItsAdventureTime",
        "resourceClass": "m-medium"
      }
    },
    "preview": {
      "distribution": "internal",
      "channel": "preview",
      "environment": "preview",
      "ios": {
        "scheme": "ItsAdventureTime",
        "resourceClass": "m-medium"
      }
    },
    "production": {
      "environment": "production",
      "ios": {
        "scheme": "ItsAdventureTime",
        "resourceClass": "m-medium"
      }
    }
  },
  "submit": {
    "production": {
      "ios": {
        "ascAppId": "6758251454",
        "appleId": "sinjin.gallegos@aol.com",
        "appleTeamId": "2AU7KFCM84"
      }
    }
  }
}

[READ_PACKAGE_JSON] Using package.json:
[READ_PACKAGE_JSON] {
  "name": "my-app",
  "main": "index.js",
  "version": "1.0.0",
  "scripts": {
    "dev": "EXPO_PACKAGER_PROXY_URL=https://$REPLIT_DEV_DOMAIN REACT_NATIVE_PACKAGER_HOSTNAME=$REPLIT_DEV_DOMAIN npx expo start",
    "start": "npx expo start",
    "android": "npx expo start --android",
    "ios": "npx expo start --ios",
    "web": "npx expo start --web",
    "lint": "npx expo lint",
    "check:format": "prettier --check \"**/*.{js,ts,tsx,css,json}\"",
    "format": "prettier --write \"**/*.{js,ts,tsx,css,json}\""
  },
  "dependencies": {
    "@expo/vector-icons": "^15.0.2",
    "@react-native-async-storage/async-storage": "^2.2.0",
    "@react-navigation/bottom-tabs": "^7.4.0",
    "@react-navigation/elements": "^2.6.3",
    "@react-navigation/native": "^7.1.8",
    "@react-navigation/native-stack": "^7.3.16",
    "@sentry/react-native": "~7.2.0",
    "expo": "~54.0.36",
    "expo-asset": "~12.0.13",
    "expo-blur": "~15.0.8",
    "expo-camera": "^17.0.10",
    "expo-constants": "~18.0.9",
    "expo-file-system": "~19.0.23",
    "expo-font": "~14.0.12",
    "expo-glass-effect": "~0.1.10",
    "expo-haptics": "~15.0.8",
    "expo-image": "~3.0.11",
    "expo-image-picker": "~17.0.11",
    "expo-linear-gradient": "~15.0.8",
    "expo-linking": "~8.0.12",
    "expo-location": "~19.0.8",
    "expo-notifications": "~0.32.17",
    "expo-observe": "^57.0.6",
    "expo-sharing": "^14.0.8",
    "expo-sms": "^14.0.8",
    "expo-speech": "~14.0.8",
    "expo-splash-screen": "~31.0.13",
    "expo-status-bar": "~3.0.9",
    "expo-symbols": "~1.0.8",
    "expo-system-ui": "~6.0.9",
    "expo-updates": "~29.0.19",
    "expo-web-browser": "~15.0.11",
    "firebase": "^12.6.0",
    "react": "19.1.0",
    "react-dom": "19.1.0",
    "react-native": "0.81.5",
    "react-native-gesture-handler": "~2.28.0",
    "react-native-get-random-values": "~1.11.0",
    "react-native-keyboard-controller": "1.18.5",
    "react-native-maps": "1.20.1",
    "react-native-purchases": "^9.7.0",
    "react-native-reanimated": "~4.1.1",
    "react-native-safe-area-context": "~5.6.0",
    "react-native-screens": "~4.16.0",
    "react-native-web": "~0.21.0",
    "react-native-worklets": "0.5.1"
  },
  "devDependencies": {
    "@types/react": "~19.1.0",
    "@types/react-native": "^0.72.8",
    "babel-plugin-module-resolver": "^5.0.2",
    "babel-preset-expo": "~54.0.12",
    "eslint": "^9.25.0",
    "eslint-config-expo": "~10.0.0",
    "eslint-config-prettier": "^10.1.8",
    "eslint-plugin-prettier": "^5.5.4",
    "prettier": "3.6.2",
    "typescript": "~5.9.2"
  },
  "private": true
}
[INSTALL_DEPENDENCIES] Running "npm ci --include=dev" in /var/folders/qt/kpfgjxmx6m5clksryb0r58gw0000gn/T/eas-build-local-nodejs/5579abcf-f9de-472f-99c1-cded4323ccb7/build directory
[INSTALL_DEPENDENCIES] npm warn deprecated inflight@1.0.6: This module is not supported, and leaks memory. Do not use it. Check out lru-cache if you want a good and tested way to coalesce async requests by a key value, which is much more comprehensive and powerful.
[INSTALL_DEPENDENCIES] npm warn deprecated rimraf@3.0.2: Rimraf versions prior to v4 are no longer supported
[INSTALL_DEPENDENCIES] npm warn deprecated glob@7.2.3: Glob versions prior to v9 are no longer supported
[INSTALL_DEPENDENCIES] npm warn deprecated glob@7.2.3: Glob versions prior to v9 are no longer supported
[INSTALL_DEPENDENCIES] npm warn deprecated glob@7.2.3: Glob versions prior to v9 are no longer supported
[INSTALL_DEPENDENCIES] npm warn deprecated glob@7.2.3: Glob versions prior to v9 are no longer supported
[INSTALL_DEPENDENCIES] added 1044 packages, and audited 1045 packages in 27s
[INSTALL_DEPENDENCIES] 180 packages are looking for funding
[INSTALL_DEPENDENCIES]   run `npm fund` for details
[INSTALL_DEPENDENCIES] 33 vulnerabilities (1 low, 19 moderate, 10 high, 3 critical)
[INSTALL_DEPENDENCIES] 
[INSTALL_DEPENDENCIES] To address issues that do not require attention, run:
[INSTALL_DEPENDENCIES]   npm audit fix
[INSTALL_DEPENDENCIES] 
[INSTALL_DEPENDENCIES] To address all issues (including breaking changes), run:
[INSTALL_DEPENDENCIES]   npm audit fix --force
[INSTALL_DEPENDENCIES] 
[INSTALL_DEPENDENCIES] Run `npm audit` for details.
[INSTALL_DEPENDENCIES] npm warn allow-scripts 5 packages have install scripts not yet covered by allowScripts:
[INSTALL_DEPENDENCIES] npm warn allow-scripts   @firebase/util@1.13.0 (postinstall: node ./postinstall.js)
[INSTALL_DEPENDENCIES] npm warn allow-scripts   @sentry/cli@2.55.0 (postinstall: node ./scripts/install.js)
[INSTALL_DEPENDENCIES] npm warn allow-scripts   fsevents@2.3.3 (install: (install scripts present))
[INSTALL_DEPENDENCIES] npm warn allow-scripts   protobufjs@7.5.4 (postinstall: node scripts/postinstall)
[INSTALL_DEPENDENCIES] npm warn allow-scripts   unrs-resolver@1.11.1 (postinstall: napi-postinstall unrs-resolver 1.11.1 check)
[INSTALL_DEPENDENCIES] npm warn allow-scripts
[INSTALL_DEPENDENCIES] npm warn allow-scripts Run `npm approve-scripts --allow-scripts-pending` to review, or `npm approve-scripts <pkg>` to allow.
The NODE_ENV environment variable is required but was not specified. Ensure the project is bundled with Expo CLI or NODE_ENV is set.
Proceeding without mode-specific .env
[READ_APP_CONFIG] Using app configuration:
[READ_APP_CONFIG] {
  "name": "Its Adventure Time",
  "slug": "my-app",
  "owner": "sinjingallegos",
  "icon": "./assets/images/icon.png",
  "reactCompiler": false,
  "version": "2.0.0",
  "runtimeVersion": {
    "policy": "sdkVersion"
  },
  "plugins": [
    [
      "expo-location",
      {
        "locationWhenInUsePermission": "Its Adventure Time uses your location to show your position on the live trail map and nearby trails while you ride. For example, during an active adventure we record your route, speed, and distance so you can review your trip, and you can share your current location with emergency contacts if needed.",
        "locationAlwaysAndWhenInUsePermission": false,
        "locationAlwaysPermission": false,
        "isIosBackgroundLocationEnabled": false,
        "isAndroidBackgroundLocationEnabled": false,
        "isAndroidForegroundServiceEnabled": false
      }
    ],
    [
      "expo-camera",
      {
        "cameraPermission": "Its Adventure Time needs camera access for AI Recovery Scan to analyze recovery situations and provide equipment recommendations.",
        "microphonePermission": false,
        "recordAudioAndroid": false
      }
    ]
  ],
  "ios": {
    "bundleIdentifier": "com.masongallegos.itsadventuretime",
    "buildNumber": "5",
    "infoPlist": {
      "ITSAppUsesNonExemptEncryption": false
    }
  },
  "extra": {
    "eas": {
      "projectId": "02cac41b-21af-4ee7-bda0-26b4042a9013"
    }
  },
  "sdkVersion": "54.0.0",
  "platforms": [
    "ios",
    "android",
    "web"
  ],
  "android": {
    "permissions": [
      "android.permission.ACCESS_COARSE_LOCATION",
      "android.permission.ACCESS_FINE_LOCATION",
      "android.permission.CAMERA"
    ]
  }
}
[RUN_EXPO_DOCTOR] Running "expo doctor"
[RUN_EXPO_DOCTOR] Running 18 checks on your project...
[RUN_EXPO_DOCTOR] 16/18 checks passed. 2 checks failed. Possible issues detected:
[RUN_EXPO_DOCTOR] Use the --verbose flag to see more details about passed checks.
[RUN_EXPO_DOCTOR] ✖ Check dependencies for packages that should not be installed directly
[RUN_EXPO_DOCTOR] The package  "@types/react-native" should not be installed directly in your project, as types are included with the "react-native" package.
[RUN_EXPO_DOCTOR] Advice:
[RUN_EXPO_DOCTOR] Remove these packages from your package.json.
[RUN_EXPO_DOCTOR] 
[RUN_EXPO_DOCTOR] ✖ Check that no duplicate dependencies are installed
[RUN_EXPO_DOCTOR] Your project contains duplicate native module dependencies, which should be de-duplicated.
[RUN_EXPO_DOCTOR] Native builds may only contain one version of any given native module, and having multiple versions of a single Native module installed may lead to unexpected build errors.
[RUN_EXPO_DOCTOR] Found duplicates for expo-eas-client:
[RUN_EXPO_DOCTOR]   ├─ expo-eas-client@1.0.8 (at: node_modules/expo-eas-client)
[RUN_EXPO_DOCTOR]   └─ expo-eas-client@57.0.1 (at: node_modules/expo-observe/node_modules/expo-eas-client)
[RUN_EXPO_DOCTOR] Found duplicates for expo-updates-interface:
[RUN_EXPO_DOCTOR]   ├─ expo-updates-interface@2.0.0 (at: node_modules/expo-updates-interface)
[RUN_EXPO_DOCTOR]   └─ expo-updates-interface@57.0.1 (at: node_modules/expo-app-metrics/node_modules/expo-updates-interface)
[RUN_EXPO_DOCTOR] Advice:
[RUN_EXPO_DOCTOR] Resolve your dependency issues and deduplicate your dependencies. Learn more: https://expo.fyi/resolving-dependency-issues
[RUN_EXPO_DOCTOR] 2 checks failed, indicating possible issues with the project.
[RUN_EXPO_DOCTOR] Command "expo doctor" failed.
Error: npx -y expo-doctor exited with non-zero code: 1
    at ChildProcess.completionListener (/Users/sinjin/.npm/_npx/756654f2afba6a4f/node_modules/@expo/spawn-async/build/spawnAsync.js:113:23)
    at Object.onceWrapper (node:events:631:12)
    at ChildProcess.emit (node:events:509:20)
    at ChildProcess.emit (node:domain:473:12)
    at maybeClose (node:internal/child_process:1125:16)
    at ChildProcess._handle.onexit (node:internal/child_process:305:5)
    ...
    at spawnAsync (/Users/sinjin/.npm/_npx/756654f2afba6a4f/node_modules/@expo/spawn-async/build/spawnAsync.js:9:23)
    at spawn (/Users/sinjin/.npm/_npx/756654f2afba6a4f/node_modules/@expo/turtle-spawn/dist/index.js:16:47)
    at runExpoDoctor (/Users/sinjin/.npm/_npx/756654f2afba6a4f/node_modules/@expo/build-tools/dist/common/setup.js:139:52)
    at process.processTicksAndRejections (node:internal/process/task_queues:104:5)
    at async /Users/sinjin/.npm/_npx/756654f2afba6a4f/node_modules/@expo/build-tools/dist/common/setup.js:118:17
    at async BuildContext.runBuildPhase (/Users/sinjin/.npm/_npx/756654f2afba6a4f/node_modules/@expo/build-tools/dist/context.js:126:28)
    at async setupAsync (/Users/sinjin/.npm/_npx/756654f2afba6a4f/node_modules/@expo/build-tools/dist/common/setup.js:116:9)
    at async buildAsync (/Users/sinjin/.npm/_npx/756654f2afba6a4f/node_modules/@expo/build-tools/dist/builders/ios.js:53:5)
    at async runBuilderWithHooksAsync (/Users/sinjin/.npm/_npx/756654f2afba6a4f/node_modules/@expo/build-tools/dist/builders/common.js:12:13)
    at async Object.iosBuilder (/Users/sinjin/.npm/_npx/756654f2afba6a4f/node_modules/@expo/build-tools/dist/builders/ios.js:40:16)
[PREPARE_CREDENTIALS] Preparing credentials
[PREPARE_CREDENTIALS] Creating keychain
[PREPARE_CREDENTIALS] Preparing credentials for target 'ItsAdventureTime'
[PREPARE_CREDENTIALS] Getting distribution certificate fingerprint and common name
[PREPARE_CREDENTIALS] Fingerprint = "1E2DCB7159AEA5576CAF9F2BBA72DD471B0D7630", common name = iPhone Distribution: Mason Gallegos (2AU7KFCM84)
[PREPARE_CREDENTIALS] Writing distribution certificate to /var/folders/qt/kpfgjxmx6m5clksryb0r58gw0000gn/T/f4a74cf1-13c4-4f9e-b80e-a7d68e1a0dde.p12
[PREPARE_CREDENTIALS] Importing distribution certificate into the keychain
[PREPARE_CREDENTIALS] Initializing provisioning profile
[PREPARE_CREDENTIALS] Validating whether the distribution certificate has been imported successfully
[PREPARE_CREDENTIALS] Verifying whether the distribution certificate and provisioning profile match
[PREBUILD] The ios project is malformed, project files will be cleared and reinitialized.
[PREBUILD] - Clearing ios
[PREBUILD] ✔ Cleared ios code
[PREBUILD] - Creating native directory (./ios)
[PREBUILD] ✔ Created native directory
[PREBUILD] - Updating package.json
[PREBUILD] ✔ Updated package.json | no changes
[PREBUILD] - Running prebuild
[PREBUILD] ✔ Finished prebuild
[PREBUILD] Running "npm install --include=dev" in /var/folders/qt/kpfgjxmx6m5clksryb0r58gw0000gn/T/eas-build-local-nodejs/5579abcf-f9de-472f-99c1-cded4323ccb7/build directory
[PREBUILD] up to date, audited 1045 packages in 5s
[PREBUILD] 
[PREBUILD] 180 packages are looking for funding
[PREBUILD]   run `npm fund` for details
[PREBUILD] 33 vulnerabilities (1 low, 19 moderate, 10 high, 3 critical)
[PREBUILD] 
[PREBUILD] To address issues that do not require attention, run:
[PREBUILD]   npm audit fix
[PREBUILD] 
[PREBUILD] To address all issues (including breaking changes), run:
[PREBUILD]   npm audit fix --force
[PREBUILD] 
[PREBUILD] Run `npm audit` for details.
[PREBUILD] npm warn allow-scripts 5 packages have install scripts not yet covered by allowScripts:
[PREBUILD] npm warn allow-scripts   @firebase/util@1.13.0 (postinstall: node ./postinstall.js)
[PREBUILD] npm warn allow-scripts   @sentry/cli@2.55.0 (postinstall: node ./scripts/install.js)
[PREBUILD] npm warn allow-scripts   fsevents@2.3.3 (install: (install scripts present))
[PREBUILD] npm warn allow-scripts   protobufjs@7.5.4 (postinstall: node scripts/postinstall)
[PREBUILD] npm warn allow-scripts   unrs-resolver@1.11.1 (postinstall: napi-postinstall unrs-resolver 1.11.1 check)
[PREBUILD] npm warn allow-scripts
[PREBUILD] npm warn allow-scripts Run `npm approve-scripts --allow-scripts-pending` to review, or `npm approve-scripts <pkg>` to allow.
[RESTORE_CACHE] Local builds do not support restoring cache
[INSTALL_PODS] Using Expo modules
[INSTALL_PODS] [Expo] Enabling modular headers for pod ExpoModulesCore
[INSTALL_PODS] [Expo] Enabling modular headers for pod React-RCTAppDelegate
[INSTALL_PODS] [Expo] Enabling modular headers for pod React-RCTFabric
[INSTALL_PODS] [Expo] Enabling modular headers for pod ReactAppDependencyProvider
[INSTALL_PODS] [Expo] Enabling modular headers for pod React-Core
[INSTALL_PODS] [Expo] Enabling modular headers for pod ReactCodegen
[INSTALL_PODS] [Expo] Enabling modular headers for pod RCTRequired
[INSTALL_PODS] [Expo] Enabling modular headers for pod RCTTypeSafety
[INSTALL_PODS] [Expo] Enabling modular headers for pod ReactCommon
[INSTALL_PODS] [Expo] Enabling modular headers for pod React-NativeModulesApple
[INSTALL_PODS] [Expo] Enabling modular headers for pod Yoga
[INSTALL_PODS] [Expo] Enabling modular headers for pod React-Fabric
[INSTALL_PODS] [Expo] Enabling modular headers for pod React-graphics
[INSTALL_PODS] [Expo] Enabling modular headers for pod React-utils
[INSTALL_PODS] [Expo] Enabling modular headers for pod React-featureflags
[INSTALL_PODS] [Expo] Enabling modular headers for pod React-debug
[INSTALL_PODS] [Expo] Enabling modular headers for pod React-ImageManager
[INSTALL_PODS] [Expo] Enabling modular headers for pod React-rendererdebug
[INSTALL_PODS] [Expo] Enabling modular headers for pod React-jsi
[INSTALL_PODS] [Expo] Enabling modular headers for pod React-renderercss
[INSTALL_PODS] [Expo] Enabling modular headers for pod hermes-engine
[INSTALL_PODS] [Expo] Enabling modular headers for pod glog
[INSTALL_PODS] [Expo] Enabling modular headers for pod boost
[INSTALL_PODS] [Expo] Enabling modular headers for pod DoubleConversion
[INSTALL_PODS] [Expo] Enabling modular headers for pod fast_float
[INSTALL_PODS] [Expo] Enabling modular headers for pod fmt
[INSTALL_PODS] [Expo] Enabling modular headers for pod RCT-Folly
[INSTALL_PODS] [Expo] Enabling modular headers for pod SocketRocket
[INSTALL_PODS] [Expo] Enabling modular headers for pod ZXingObjC
[INSTALL_PODS] [Expo] Enabling modular headers for pod SDWebImage
[INSTALL_PODS] [Expo] Enabling modular headers for pod SDWebImageAVIFCoder
[INSTALL_PODS] [Expo] Enabling modular headers for pod SDWebImageSVGCoder
[INSTALL_PODS] [Expo] Enabling modular headers for pod SDWebImageWebPCoder
[INSTALL_PODS] [Expo] Enabling modular headers for pod libavif
[INSTALL_PODS] [Expo] Enabling modular headers for pod EXStructuredHeaders
[INSTALL_PODS] [Expo] Enabling modular headers for pod EXUpdatesInterface
[INSTALL_PODS] [Expo] Enabling modular headers for pod EXManifests
[INSTALL_PODS] [Expo] Enabling modular headers for pod EASClient
[INSTALL_PODS] [Expo] Enabling modular headers for pod ReachabilitySwift
[INSTALL_PODS] Found 12 modules for target `ItsAdventureTime`
[INSTALL_PODS] link_native_modules! {ios_packages: [{configurations: [], name: "@react-native-async-storage/async-storage", root: "/private/var/folders/qt/kpfgjxmx6m5clksryb0r58gw0000gn/T/eas-build-local-nodejs/5579abcf-f9de-472f-99c1-cded4323ccb7/build/node_modules/@react-native-async-storage/async-storage", path: "../node_modules/@react-native-async-storage/async-storage", podspec_path: "/private/var/folders/qt/kpfgjxmx6m5clksryb0r58gw0000gn/T/eas-build-local-nodejs/5579abcf-f9de-472f-99c1-cded4323ccb7/build/node_modules/@react-native-async-storage/async-storage/RNCAsyncStorage.podspec", script_phases: []}, {configurations: [], name: "@sentry/react-native", root: "/private/var/folders/qt/kpfgjxmx6m5clksryb0r58gw0000gn/T/eas-build-local-nodejs/5579abcf-f9de-472f-99c1-cded4323ccb7/build/node_modules/@sentry/react-native", path: "../node_modules/@sentry/react-native", podspec_path: "/private/var/folders/qt/kpfgjxmx6m5clksryb0r58gw0000gn/T/eas-build-local-nodejs/5579abcf-f9de-472f-99c1-cded4323ccb7/build/node_modules/@sentry/react-native/RNSentry.podspec", script_phases: []}, {configurations: [], name: "expo", root: "/private/var/folders/qt/kpfgjxmx6m5clksryb0r58gw0000gn/T/eas-build-local-nodejs/5579abcf-f9de-472f-99c1-cded4323ccb7/build/node_modules/expo", path: "../node_modules/expo", podspec_path: "/private/var/folders/qt/kpfgjxmx6m5clksryb0r58gw0000gn/T/eas-build-local-nodejs/5579abcf-f9de-472f-99c1-cded4323ccb7/build/node_modules/expo/Expo.podspec", script_phases: []}, {configurations: [], name: "react-native-gesture-handler", root: "/private/var/folders/qt/kpfgjxmx6m5clksryb0r58gw0000gn/T/eas-build-local-nodejs/5579abcf-f9de-472f-99c1-cded4323ccb7/build/node_modules/react-native-gesture-handler", path: "../node_modules/react-native-gesture-handler", podspec_path: "/private/var/folders/qt/kpfgjxmx6m5clksryb0r58gw0000gn/T/eas-build-local-nodejs/5579abcf-f9de-472f-99c1-cded4323ccb7/build/node_modules/react-native-gesture-handler/RNGestureHandler.podspec", script_phases: []}, {configurations: [], name: "react-native-get-random-values", root: "/private/var/folders/qt/kpfgjxmx6m5clksryb0r58gw0000gn/T/eas-build-local-nodejs/5579abcf-f9de-472f-99c1-cded4323ccb7/build/node_modules/react-native-get-random-values", path: "../node_modules/react-native-get-random-values", podspec_path: "/private/var/folders/qt/kpfgjxmx6m5clksryb0r58gw0000gn/T/eas-build-local-nodejs/5579abcf-f9de-472f-99c1-cded4323ccb7/build/node_modules/react-native-get-random-values/react-native-get-random-values.podspec", script_phases: []}, {configurations: [], name: "react-native-keyboard-controller", root: "/private/var/folders/qt/kpfgjxmx6m5clksryb0r58gw0000gn/T/eas-build-local-nodejs/5579abcf-f9de-472f-99c1-cded4323ccb7/build/node_modules/react-native-keyboard-controller", path: "../node_modules/react-native-keyboard-controller", podspec_path: "/private/var/folders/qt/kpfgjxmx6m5clksryb0r58gw0000gn/T/eas-build-local-nodejs/5579abcf-f9de-472f-99c1-cded4323ccb7/build/node_modules/react-native-keyboard-controller/react-native-keyboard-controller.podspec", script_phases: []}, {configurations: [], name: "react-native-maps", root: "/private/var/folders/qt/kpfgjxmx6m5clksryb0r58gw0000gn/T/eas-build-local-nodejs/5579abcf-f9de-472f-99c1-cded4323ccb7/build/node_modules/react-native-maps", path: "../node_modules/react-native-maps", podspec_path: "/private/var/folders/qt/kpfgjxmx6m5clksryb0r58gw0000gn/T/eas-build-local-nodejs/5579abcf-f9de-472f-99c1-cded4323ccb7/build/node_modules/react-native-maps/react-native-maps.podspec", script_phases: []}, {configurations: [], name: "react-native-purchases", root: "/private/var/folders/qt/kpfgjxmx6m5clksryb0r58gw0000gn/T/eas-build-local-nodejs/5579abcf-f9de-472f-99c1-cded4323ccb7/build/node_modules/react-native-purchases", path: "../node_modules/react-native-purchases", podspec_path: "/private/var/folders/qt/kpfgjxmx6m5clksryb0r58gw0000gn/T/eas-build-local-nodejs/5579abcf-f9de-472f-99c1-cded4323ccb7/build/node_modules/react-native-purchases/RNPurchases.podspec", script_phases: []}, {configurations: [], name: "react-native-reanimated", root: "/private/var/folders/qt/kpfgjxmx6m5clksryb0r58gw0000gn/T/eas-build-local-nodejs/5579abcf-f9de-472f-99c1-cded4323ccb7/build/node_modules/react-native-reanimated", path: "../node_modules/react-native-reanimated", podspec_path: "/private/var/folders/qt/kpfgjxmx6m5clksryb0r58gw0000gn/T/eas-build-local-nodejs/5579abcf-f9de-472f-99c1-cded4323ccb7/build/node_modules/react-native-reanimated/RNReanimated.podspec", script_phases: []}, {configurations: [], name: "react-native-safe-area-context", root: "/private/var/folders/qt/kpfgjxmx6m5clksryb0r58gw0000gn/T/eas-build-local-nodejs/5579abcf-f9de-472f-99c1-cded4323ccb7/build/node_modules/react-native-safe-area-context", path: "../node_modules/react-native-safe-area-context", podspec_path: "/private/var/folders/qt/kpfgjxmx6m5clksryb0r58gw0000gn/T/eas-build-local-nodejs/5579abcf-f9de-472f-99c1-cded4323ccb7/build/node_modules/react-native-safe-area-context/react-native-safe-area-context.podspec", script_phases: []}, {configurations: [], name: "react-native-screens", root: "/private/var/folders/qt/kpfgjxmx6m5clksryb0r58gw0000gn/T/eas-build-local-nodejs/5579abcf-f9de-472f-99c1-cded4323ccb7/build/node_modules/react-native-screens", path: "../node_modules/react-native-screens", podspec_path: "/private/var/folders/qt/kpfgjxmx6m5clksryb0r58gw0000gn/T/eas-build-local-nodejs/5579abcf-f9de-472f-99c1-cded4323ccb7/build/node_modules/react-native-screens/RNScreens.podspec", script_phases: []}, {configurations: [], name: "react-native-worklets", root: "/private/var/folders/qt/kpfgjxmx6m5clksryb0r58gw0000gn/T/eas-build-local-nodejs/5579abcf-f9de-472f-99c1-cded4323ccb7/build/node_modules/react-native-worklets", path: "../node_modules/react-native-worklets", podspec_path: "/private/var/folders/qt/kpfgjxmx6m5clksryb0r58gw0000gn/T/eas-build-local-nodejs/5579abcf-f9de-472f-99c1-cded4323ccb7/build/node_modules/react-native-worklets/RNWorklets.podspec", script_phases: []}], ios_project_root_path: "/private/var/folders/qt/kpfgjxmx6m5clksryb0r58gw0000gn/T/eas-build-local-nodejs/5579abcf-f9de-472f-99c1-cded4323ccb7/build/ios", react_native_path: "../node_modules/react-native"}
[INSTALL_PODS] Auto-linking React Native modules for target `ItsAdventureTime`: RNCAsyncStorage, RNGestureHandler, RNPurchases, RNReanimated, RNScreens, RNSentry, RNWorklets, react-native-get-random-values, react-native-keyboard-controller, react-native-maps, and react-native-safe-area-context
[INSTALL_PODS] Framework build type is static library
[INSTALL_PODS] [ReactNativeDependencies] Setting up ReactNativeDependencies...
[INSTALL_PODS] [ReactNativeDependencies] Building from source: false
[INSTALL_PODS] [ReactNativeDependencies] Using release tarball
[INSTALL_PODS] [ReactNativeDependencies] Using tarball from URL: https://repo1.maven.org/maven2/com/facebook/react/react-native-artifacts/0.81.5/react-native-artifacts-0.81.5-reactnative-dependencies-debug.tar.gz
[INSTALL_PODS] % Total    % Received % Xferd  Average Speed   Time    Time     Time  Current
[INSTALL_PODS]                                  Dload  Upload   Total   Spent    Left  Speed
[INSTALL_PODS]   0     0    0     0    0     0      0      0 --:--:-- --:--:-- --:--:--     0
[INSTALL_PODS] 23 18.3M   23 4403k    0     0
[INSTALL_PODS] 10.1M      0  0:00:01 --:--:--  0:00:01 10.0M
[INSTALL_PODS] 100 18.3M  100
[INSTALL_PODS] 18.3M    0     0  16.7M      0  0:00:01  0:00:01 --:--:-- 16.7M
[INSTALL_PODS] % Total    % Received % Xferd  Averag
[INSTALL_PODS] e Speed   Time    Time     Time  Current
[INSTALL_PODS]                                  Dload  Upload   Total   Spent    Left  Speed
[INSTALL_PODS]   0     0    0     0    0     0      0      0 --:--:-- --:--:-- --:--:--     0
[INSTALL_PODS] 15  9.9M   15 1613k    0     0  5440k      0  0:00:01 --:--:--  0:00:01 5431k
[INSTALL_PODS] 100  9.9M  100  9.9M    0     0  15
[INSTALL_PODS] .2M      0 --:--:-- --:--:-- --:--:-- 15.2M
[INSTALL_PODS] [ReactNativeDependencies] Source: {http: "https://repo1.maven.org/maven2/com/facebook/react/react-native-artifacts/0.81.5/react-native-artifacts-0.81.5-reactnative-dependencies-debug.tar.gz"}
[INSTALL_PODS] [ReactNativeCore] Setting up ReactNativeCore...
[INSTALL_PODS] [ReactNativeCore] Building from source: false
[INSTALL_PODS] [ReactNativeCore] Using tarball from URL: https://repo1.maven.org/maven2/com/facebook/react/react-native-artifacts/0.81.5/react-native-artifacts-0.81.5-reactnative-core-debug.tar.gz
[INSTALL_PODS] % Total    % Received % Xferd  Average Speed   Time    Time     Time  Current
[INSTALL_PODS]                                  Dload  Upload   Total   Spent    Left  Speed
[INSTALL_PODS]   0     0    0     0    0     0      0      0 --:--:-- --:--:-- --:--:--     0
[INSTALL_PODS] 7 78.5M    7 5772k
[INSTALL_PODS] 0     0  12.1M      0  0:00:06 --:--:--  0:00:06 12.1M
[INSTALL_PODS] 65 78.5M   65 51.0M    0     0  34.8M      0  0:00:02  0:00:01  0:00:01 34.8M
[INSTALL_PODS] 100 78.5M  100 78.5M    0     0
[INSTALL_PODS] 39.4M      0  0:00:01  0:00:01 --:--:-- 39.4M
[INSTALL_PODS] % Total    % Received % Xferd  Average Speed   Time    Time     Time  Current
[INSTALL_PODS]                                  Dload  Upload
[INSTALL_PODS] Total   Spent    Left  Speed
[INSTALL_PODS]   0     0    0     0    0     0      0      0 --:--:-- --:--:-- --:--:--     0
[INSTALL_PODS] 29 26.3M   29 7933k    0     0  17.7M      0  0:00:0
[INSTALL_PODS] 1 --:--:--  0:00:01 17.7M
[INSTALL_PODS] 100 26.3M  100 26.3M    0     0  27.1
[INSTALL_PODS] M      0 --:--:-- --:--:-- --:--:-- 27.1M
[INSTALL_PODS] [ReactNativeCore] Source: {http: "https://repo1.maven.org/maven2/com/facebook/react/react-native-artifacts/0.81.5/react-native-artifacts-0.81.5-reactnative-core-debug.tar.gz"}
[INSTALL_PODS] Configuring the target with the New Architecture
[INSTALL_PODS] [ReactNativeCore] Using React Native Core and React Native Dependencies prebuilt versions.
[INSTALL_PODS] [36m[1m[Codegen][0m Analyzing /private/var/folders/qt/kpfgjxmx6m5clksryb0r58gw0000gn/T/eas-build-local-nodejs/5579abcf-f9de-472f-99c1-cded4323ccb7/build/package.json[0m
[INSTALL_PODS] [36m[1m[Codegen][0m [33mSearching for codegen-enabled libraries in the app.[0m
[INSTALL_PODS] [36m[1m[Codegen][0m [33mThe "codegenConfig" field is not defined in package.json. Assuming there is nothing to generate at the app level.[0m
[INSTALL_PODS] [36m[1m[Codegen][0m [33mSearching for codegen-enabled libraries in react-native.config.js[0m
[INSTALL_PODS] [36m[1m[Codegen][0m Found @react-native-async-storage/async-storage[0m
[INSTALL_PODS] [36m[1m[Codegen][0m Found @sentry/react-native[0m
[INSTALL_PODS] [36m[1m[Codegen][0m Found react-native-gesture-handler[0m
[INSTALL_PODS] [36m[1m[Codegen][0m Found react-native-keyboard-controller[0m
[INSTALL_PODS] [36m[1m[Codegen][0m Found react-native-reanimated[0m
[INSTALL_PODS] [36m[1m[Codegen][0m Found react-native-safe-area-context[0m
[INSTALL_PODS] [36m[1m[Codegen][0m Found react-native-screens[0m
[INSTALL_PODS] [36m[1m[Codegen][0m Found react-native-worklets[0m
[INSTALL_PODS] [36m[1m[Codegen][0m Processing rnasyncstorage[0m
[INSTALL_PODS] [36m[1m[Codegen][0m [33mSearching for podspec in the project dependencies.[0m
[INSTALL_PODS] [36m[1m[Codegen][0m Supported Apple platforms: ios, macos, tvos, visionos for rnasyncstorage[0m
[INSTALL_PODS] [36m[1m[Codegen][0m Processing RNSentrySpec[0m
[INSTALL_PODS] [36m[1m[Codegen][0m [33mSearching for podspec in the project dependencies.[0m
[INSTALL_PODS] [36m[1m[Codegen][0m Supported Apple platforms: ios, macos, tvos, visionos for RNSentrySpec[0m
[INSTALL_PODS] [36m[1m[Codegen][0m Processing rngesturehandler_codegen[0m
[INSTALL_PODS] [36m[1m[Codegen][0m [33mSearching for podspec in the project dependencies.[0m
[INSTALL_PODS] [36m[1m[Codegen][0m Supported Apple platforms: ios, macos, tvos, visionos for rngesturehandler_codegen[0m
[INSTALL_PODS] [36m[1m[Codegen][0m Processing reactnativekeyboardcontroller[0m
[INSTALL_PODS] [36m[1m[Codegen][0m [33mSearching for podspec in the project dependencies.[0m
[INSTALL_PODS] [36m[1m[Codegen][0m Supported Apple platforms: ios for reactnativekeyboardcontroller[0m
[INSTALL_PODS] [36m[1m[Codegen][0m Processing rnreanimated[0m
[INSTALL_PODS] [36m[1m[Codegen][0m [33mSearching for podspec in the project dependencies.[0m
[INSTALL_PODS] [36m[1m[Codegen][0m Supported Apple platforms: ios, macos, tvos, visionos for rnreanimated[0m
[INSTALL_PODS] [36m[1m[Codegen][0m Processing safeareacontext[0m
[INSTALL_PODS] [36m[1m[Codegen][0m [33mSearching for podspec in the project dependencies.[0m
[INSTALL_PODS] [36m[1m[Codegen][0m Supported Apple platforms: ios, macos, tvos, visionos for safeareacontext[0m
[INSTALL_PODS] [36m[1m[Codegen][0m Processing rnscreens[0m
[INSTALL_PODS] [36m[1m[Codegen][0m [33mSearching for podspec in the project dependencies.[0m
[INSTALL_PODS] [36m[1m[Codegen][0m Supported Apple platforms: ios, tvos, visionos for rnscreens[0m
[INSTALL_PODS] [36m[1m[Codegen][0m Processing rnworklets[0m
[INSTALL_PODS] [36m[1m[Codegen][0m [33mSearching for podspec in the project dependencies.[0m
[INSTALL_PODS] [36m[1m[Codegen][0m Supported Apple platforms: ios, macos, tvos, visionos for rnworklets[0m
[INSTALL_PODS] [36m[1m[Codegen][0m Generating Native Code for rnasyncstorage - ios[0m
[INSTALL_PODS] [36m[1m[Codegen][0m Generated artifacts: /private/var/folders/qt/kpfgjxmx6m5clksryb0r58gw0000gn/T/eas-build-local-nodejs/5579abcf-f9de-472f-99c1-cded4323ccb7/build/ios/build/generated/ios[0m
[INSTALL_PODS] [36m[1m[Codegen][0m Generating Native Code for RNSentrySpec - ios[0m
[INSTALL_PODS] [36m[1m[Codegen][0m Generated artifacts: /private/var/folders/qt/kpfgjxmx6m5clksryb0r58gw0000gn/T/eas-build-local-nodejs/5579abcf-f9de-472f-99c1-cded4323ccb7/build/ios/build/generated/ios[0m
[INSTALL_PODS] [36m[1m[Codegen][0m Generating Native Code for rngesturehandler_codegen - ios[0m
[INSTALL_PODS] [36m[1m[Codegen][0m Generated artifacts: /private/var/folders/qt/kpfgjxmx6m5clksryb0r58gw0000gn/T/eas-build-local-nodejs/5579abcf-f9de-472f-99c1-cded4323ccb7/build/ios/build/generated/ios[0m
[INSTALL_PODS] [36m[1m[Codegen][0m Generating Native Code for reactnativekeyboardcontroller - ios[0m
[INSTALL_PODS] [36m[1m[Codegen][0m Generated artifacts: /private/var/folders/qt/kpfgjxmx6m5clksryb0r58gw0000gn/T/eas-build-local-nodejs/5579abcf-f9de-472f-99c1-cded4323ccb7/build/ios/build/generated/ios[0m
[INSTALL_PODS] [36m[1m[Codegen][0m Generating Native Code for rnreanimated - ios[0m
[INSTALL_PODS] [36m[1m[Codegen][0m Generated artifacts: /private/var/folders/qt/kpfgjxmx6m5clksryb0r58gw0000gn/T/eas-build-local-nodejs/5579abcf-f9de-472f-99c1-cded4323ccb7/build/ios/build/generated/ios[0m
[INSTALL_PODS] [36m[1m[Codegen][0m Generating Native Code for safeareacontext - ios[0m
[INSTALL_PODS] [36m[1m[Codegen][0m Generated artifacts: /private/var/folders/qt/kpfgjxmx6m5clksryb0r58gw0000gn/T/eas-build-local-nodejs/5579abcf-f9de-472f-99c1-cded4323ccb7/build/ios/build/generated/ios[0m
[INSTALL_PODS] [36m[1m[Codegen][0m Generating Native Code for rnscreens - ios[0m
[INSTALL_PODS] [36m[1m[Codegen][0m Generated artifacts: /private/var/folders/qt/kpfgjxmx6m5clksryb0r58gw0000gn/T/eas-build-local-nodejs/5579abcf-f9de-472f-99c1-cded4323ccb7/build/ios/build/generated/ios[0m
[INSTALL_PODS] [36m[1m[Codegen][0m Generating Native Code for rnworklets - ios[0m
[INSTALL_PODS] [36m[1m[Codegen][0m Generated artifacts: /private/var/folders/qt/kpfgjxmx6m5clksryb0r58gw0000gn/T/eas-build-local-nodejs/5579abcf-f9de-472f-99c1-cded4323ccb7/build/ios/build/generated/ios[0m
[INSTALL_PODS] [36m[1m[Codegen][0m Generating RCTThirdPartyComponentsProvider.h[0m
[INSTALL_PODS] [36m[1m[Codegen][0m Generated artifact: /private/var/folders/qt/kpfgjxmx6m5clksryb0r58gw0000gn/T/eas-build-local-nodejs/5579abcf-f9de-472f-99c1-cded4323ccb7/build/ios/build/generated/ios/RCTThirdPartyComponentsProvider.h[0m
[INSTALL_PODS] [36m[1m[Codegen][0m Generating RCTThirdPartyComponentsProvider.mm[0m
[INSTALL_PODS] [36m[1m[Codegen][0m Generated artifact: /private/var/folders/qt/kpfgjxmx6m5clksryb0r58gw0000gn/T/eas-build-local-nodejs/5579abcf-f9de-472f-99c1-cded4323ccb7/build/ios/build/generated/ios/RCTThirdPartyComponentsProvider.mm[0m
[INSTALL_PODS] [36m[1m[Codegen][0m Generating RCTModulesProvider.h[0m
[INSTALL_PODS] [36m[1m[Codegen][0m Generated artifact: /private/var/folders/qt/kpfgjxmx6m5clksryb0r58gw0000gn/T/eas-build-local-nodejs/5579abcf-f9de-472f-99c1-cded4323ccb7/build/ios/build/generated/ios/RCTModuleProviders.h[0m
[INSTALL_PODS] [36m[1m[Codegen][0m Generating RCTModuleProviders.mm[0m
[INSTALL_PODS] [36m[1m[Codegen][0m Generated artifact: /private/var/folders/qt/kpfgjxmx6m5clksryb0r58gw0000gn/T/eas-build-local-nodejs/5579abcf-f9de-472f-99c1-cded4323ccb7/build/ios/build/generated/ios/RCTModuleProviders.mm[0m
[INSTALL_PODS] [36m[1m[Codegen][0m Generating RCTAppDependencyProvider[0m
[INSTALL_PODS] [36m[1m[Codegen][0m Generated artifact: /private/var/folders/qt/kpfgjxmx6m5clksryb0r58gw0000gn/T/eas-build-local-nodejs/5579abcf-f9de-472f-99c1-cded4323ccb7/build/ios/build/generated/ios/RCTAppDependencyProvider.h[0m
[INSTALL_PODS] [36m[1m[Codegen][0m Generated artifact: /private/var/folders/qt/kpfgjxmx6m5clksryb0r58gw0000gn/T/eas-build-local-nodejs/5579abcf-f9de-472f-99c1-cded4323ccb7/build/ios/build/generated/ios/RCTAppDependencyProvider.mm[0m
[INSTALL_PODS] [36m[1m[Codegen][0m Generated podspec: /private/var/folders/qt/kpfgjxmx6m5clksryb0r58gw0000gn/T/eas-build-local-nodejs/5579abcf-f9de-472f-99c1-cded4323ccb7/build/ios/build/generated/ios/ReactAppDependencyProvider.podspec[0m
[INSTALL_PODS] [36m[1m[Codegen][0m Generated podspec: /private/var/folders/qt/kpfgjxmx6m5clksryb0r58gw0000gn/T/eas-build-local-nodejs/5579abcf-f9de-472f-99c1-cded4323ccb7/build/ios/build/generated/ios/ReactCodegen.podspec[0m
[INSTALL_PODS] [36m[1m[Codegen][0m [33mDone.[0m
[INSTALL_PODS] Analyzing dependencies
[INSTALL_PODS] Fetching podspec for `React-Core-prebuilt` from `../node_modules/react-native/React-Core-prebuilt.podspec`
[INSTALL_PODS] [ReactNativeCore] Using tarball from URL: https://repo1.maven.org/maven2/com/facebook/react/react-native-artifacts/0.81.5/react-native-artifacts-0.81.5-reactnative-core-debug.tar.gz
[INSTALL_PODS] Fetching podspec for `ReactNativeDependencies` from `../node_modules/react-native/third-party-podspecs/ReactNativeDependencies.podspec`
[INSTALL_PODS] [ReactNativeDependencies] Using release tarball
[INSTALL_PODS] [ReactNativeDependencies] Using tarball from URL: https://repo1.maven.org/maven2/com/facebook/react/react-native-artifacts/0.81.5/react-native-artifacts-0.81.5-reactnative-dependencies-debug.tar.gz
[INSTALL_PODS] Fetching podspec for `hermes-engine` from `../node_modules/react-native/sdks/hermes-engine/hermes-engine.podspec`
[INSTALL_PODS] [Hermes] Using release tarball from URL: https://repo1.maven.org/maven2/com/facebook/react/react-native-artifacts/0.81.5/react-native-artifacts-0.81.5-hermes-ios-debug.tar.gz
[INSTALL_PODS] % Total    % Received % Xferd  Average Speed   Time    Time     T
[INSTALL_PODS] ime  Current
[INSTALL_PODS]                                  Dload  Upload   Total   Spent    Left  Speed
[INSTALL_PODS]   0     0    0     0    0     0      0      0 --:--:-- --:--:-- --:--:--     0
[INSTALL_PODS] 0     0    0     0    0     0      0      0 --:--:-- -
[INSTALL_PODS] -:--:-- --:--:--     0
[INSTALL_PODS] 95 29.0M   95 27.6M    0     0  24.
[INSTALL_PODS] 9M      0  0:00:01  0:00:01 --:--:-- 24.9M
[INSTALL_PODS] 100 29.0M  100 29.0M    0     0  25.4M      0  0:00:01  0:00:01 --:--:-- 25.4M
[INSTALL_PODS] % Total    % Received % Xferd  Average Speed   Time    Time     Time
[INSTALL_PODS] Current
[INSTALL_PODS]                                  Dload  Upload   Total   Spent    Left  Speed
[INSTALL_PODS]   0     0    0     0    0     0      0      0 --:--:-- --:--:-- --:--:--     0
[INSTALL_PODS] 100 20.3M  100 20.3M    0     0  26
[INSTALL_PODS] .4M      0 --:--:-- --:--:-- --:--:-- 26.5M
[INSTALL_PODS] Downloading dependencies
[INSTALL_PODS] Installing EASClient (1.0.8)
[INSTALL_PODS] Installing EXApplication (7.0.8)
[INSTALL_PODS] Installing EXConstants (18.0.13)
[INSTALL_PODS] Installing EXImageLoader (6.0.0)
[INSTALL_PODS] Installing EXJSONUtils (0.15.0)
[INSTALL_PODS] Installing EXManifests (1.0.11)
[INSTALL_PODS] Installing EXNotifications (0.32.17)
[INSTALL_PODS] Installing EXStructuredHeaders (5.0.0)
[INSTALL_PODS] Installing EXUpdates (29.0.19)
[INSTALL_PODS] Installing EXUpdatesInterface (2.0.0)
[INSTALL_PODS] Installing Expo (54.0.36)
[INSTALL_PODS] Installing ExpoAsset (12.0.13)
[INSTALL_PODS] Installing ExpoBlur (15.0.8)
[INSTALL_PODS] Installing ExpoCamera (17.0.10)
[INSTALL_PODS] Installing ExpoFileSystem (19.0.23)
[INSTALL_PODS] Installing ExpoFont (14.0.12)
[INSTALL_PODS] Installing ExpoGlassEffect (0.1.10)
[INSTALL_PODS] Installing ExpoHaptics (15.0.8)
[INSTALL_PODS] Installing ExpoImage (3.0.11)
[INSTALL_PODS] Installing ExpoImagePicker (17.0.11)
[INSTALL_PODS] Installing ExpoKeepAwake (15.0.8)
[INSTALL_PODS] Installing ExpoLinearGradient (15.0.8)
[INSTALL_PODS] Installing ExpoLinking (8.0.12)
[INSTALL_PODS] Installing ExpoLocation (19.0.8)
[INSTALL_PODS] Installing ExpoModulesCore (3.0.30)
[INSTALL_PODS] Installing ExpoSMS (14.0.8)
[INSTALL_PODS] Installing ExpoSharing (14.0.8)
[INSTALL_PODS] Installing ExpoSpeech (14.0.8)
[INSTALL_PODS] Installing ExpoSplashScreen (31.0.13)
[INSTALL_PODS] Installing ExpoSymbols (1.0.8)
[INSTALL_PODS] Installing ExpoSystemUI (6.0.9)
[INSTALL_PODS] Installing ExpoWebBrowser (15.0.11)
[INSTALL_PODS] Installing FBLazyVector (0.81.5)
[INSTALL_PODS] Installing PurchasesHybridCommon (17.28.0)
[INSTALL_PODS] Installing RCTDeprecation (0.81.5)
[INSTALL_PODS] Installing RCTRequired (0.81.5)
[INSTALL_PODS] Installing RCTTypeSafety (0.81.5)
[INSTALL_PODS] Installing RNCAsyncStorage (2.2.0)
[INSTALL_PODS] Installing RNGestureHandler (2.28.0)
[INSTALL_PODS] Installing RNPurchases (9.7.1)
[INSTALL_PODS] Installing RNReanimated (4.1.6)
[INSTALL_PODS] Installing RNScreens (4.16.0)
[INSTALL_PODS] Installing RNSentry (7.2.0)
[INSTALL_PODS] Installing RNWorklets (0.5.1)
[INSTALL_PODS] Installing ReachabilitySwift (5.2.4)
[INSTALL_PODS] Installing React (0.81.5)
[INSTALL_PODS] Installing React-Core (0.81.5)
[INSTALL_PODS] Installing React-Core-prebuilt (0.81.5)
[INSTALL_PODS] Installing React-CoreModules (0.81.5)
[INSTALL_PODS] Installing React-Fabric (0.81.5)
[INSTALL_PODS] Installing React-FabricComponents (0.81.5)
[INSTALL_PODS] Installing React-FabricImage (0.81.5)
[INSTALL_PODS] Installing React-ImageManager (0.81.5)
[INSTALL_PODS] Installing React-Mapbuffer (0.81.5)
[INSTALL_PODS] Installing React-NativeModulesApple (0.81.5)
[INSTALL_PODS] Installing React-RCTActionSheet (0.81.5)
[INSTALL_PODS] Installing React-RCTAnimation (0.81.5)
[INSTALL_PODS] Installing React-RCTAppDelegate (0.81.5)
[INSTALL_PODS] Installing React-RCTBlob (0.81.5)
[INSTALL_PODS] Installing React-RCTFBReactNativeSpec (0.81.5)
[INSTALL_PODS] Installing React-RCTFabric (0.81.5)
[INSTALL_PODS] Installing React-RCTImage (0.81.5)
[INSTALL_PODS] Installing React-RCTLinking (0.81.5)
[INSTALL_PODS] Installing React-RCTNetwork (0.81.5)
[INSTALL_PODS] Installing React-RCTRuntime (0.81.5)
[INSTALL_PODS] Installing React-RCTSettings (0.81.5)
[INSTALL_PODS] Installing React-RCTText (0.81.5)
[INSTALL_PODS] Installing React-RCTVibration (0.81.5)
[INSTALL_PODS] Installing React-RuntimeApple (0.81.5)
[INSTALL_PODS] Installing React-RuntimeCore (0.81.5)
[INSTALL_PODS] Installing React-RuntimeHermes (0.81.5)
[INSTALL_PODS] Installing React-callinvoker (0.81.5)
[INSTALL_PODS] Installing React-cxxreact (0.81.5)
[INSTALL_PODS] Installing React-debug (0.81.5)
[INSTALL_PODS] Installing React-defaultsnativemodule (0.81.5)
[INSTALL_PODS] Installing React-domnativemodule (0.81.5)
[INSTALL_PODS] Installing React-featureflags (0.81.5)
[INSTALL_PODS] Installing React-featureflagsnativemodule (0.81.5)
[INSTALL_PODS] Installing React-graphics (0.81.5)
[INSTALL_PODS] Installing React-hermes (0.81.5)
[INSTALL_PODS] Installing React-idlecallbacksnativemodule (0.81.5)
[INSTALL_PODS] Installing React-jserrorhandler (0.81.5)
[INSTALL_PODS] Installing React-jsi (0.81.5)
[INSTALL_PODS] Installing React-jsiexecutor (0.81.5)
[INSTALL_PODS] Installing React-jsinspector (0.81.5)
[INSTALL_PODS] Installing React-jsinspectorcdp (0.81.5)
[INSTALL_PODS] Installing React-jsinspectornetwork (0.81.5)
[INSTALL_PODS] Installing React-jsinspectortracing (0.81.5)
[INSTALL_PODS] Installing React-jsitooling (0.81.5)
[INSTALL_PODS] Installing React-jsitracing (0.81.5)
[INSTALL_PODS] Installing React-logger (0.81.5)
[INSTALL_PODS] Installing React-microtasksnativemodule (0.81.5)
[INSTALL_PODS] Installing React-oscompat (0.81.5)
[INSTALL_PODS] Installing React-perflogger (0.81.5)
[INSTALL_PODS] Installing React-performancetimeline (0.81.5)
[INSTALL_PODS] Installing React-rendererconsistency (0.81.5)
[INSTALL_PODS] Installing React-renderercss (0.81.5)
[INSTALL_PODS] Installing React-rendererdebug (0.81.5)
[INSTALL_PODS] Installing React-runtimeexecutor (0.81.5)
[INSTALL_PODS] Installing React-runtimescheduler (0.81.5)
[INSTALL_PODS] Installing React-timing (0.81.5)
[INSTALL_PODS] Installing React-utils (0.81.5)
[INSTALL_PODS] Installing ReactAppDependencyProvider (0.81.5)
[INSTALL_PODS] Installing ReactCodegen (0.81.5)
[INSTALL_PODS] Installing ReactCommon (0.81.5)
[INSTALL_PODS] Installing ReactNativeDependencies (0.81.5)
[INSTALL_PODS] Installing RevenueCat (5.55.1)
[INSTALL_PODS] Installing SDWebImage (5.21.7)
[INSTALL_PODS] Installing SDWebImageAVIFCoder (0.11.1)
[INSTALL_PODS] Installing SDWebImageSVGCoder (1.7.0)
[INSTALL_PODS] Installing SDWebImageWebPCoder (0.14.6)
[INSTALL_PODS] Installing Sentry (8.56.1)
[INSTALL_PODS] Installing Yoga (0.0.0)
[INSTALL_PODS] Installing ZXingObjC (3.6.9)
[INSTALL_PODS] Installing hermes-engine (0.81.5)
[INSTALL_PODS] Installing libavif (1.0.0)
[INSTALL_PODS] Installing libdav1d (1.2.0)
[INSTALL_PODS] Installing libwebp (1.5.0)
[INSTALL_PODS] Installing react-native-get-random-values (1.11.0)
[INSTALL_PODS] Installing react-native-keyboard-controller (1.18.5)
[INSTALL_PODS] Installing react-native-maps (1.20.1)
[INSTALL_PODS] Installing react-native-safe-area-context (5.6.2)
[INSTALL_PODS] Generating Pods project
[INSTALL_PODS] Setting USE_HERMES build settings
[INSTALL_PODS] Setting REACT_NATIVE_PATH build settings
[INSTALL_PODS] Setting SWIFT_ACTIVE_COMPILATION_CONDITIONS build settings
[INSTALL_PODS] [Ccache]: Removing Ccache from CC, LD, CXX & LDPLUSPLUS build settings
[INSTALL_PODS] Setting SWIFT_ENABLE_EXPLICIT_MODULES build settings
[INSTALL_PODS] [SPM] Cleaning old SPM dependencies from Pods project
[INSTALL_PODS] [SPM] Adding SPM dependencies to Pods project
[INSTALL_PODS] [Privacy Manifest Aggregation] No existing PrivacyInfo.xcprivacy file found, creating a new one.
[INSTALL_PODS] [Privacy Manifest Aggregation] Reading .xcprivacy files to aggregate all used Required Reason APIs.
[INSTALL_PODS] file_root: ItsAdventureTime
[INSTALL_PODS] Setting CLANG_CXX_LANGUAGE_STANDARD to c++20 on /private/var/folders/qt/kpfgjxmx6m5clksryb0r58gw0000gn/T/eas-build-local-nodejs/5579abcf-f9de-472f-99c1-cded4323ccb7/build/ios/ItsAdventureTime.xcodeproj
[INSTALL_PODS] ==================== DEPRECATION NOTICE =====================
[INSTALL_PODS] Calling `pod install` directly is deprecated in React Native
[INSTALL_PODS] because we are moving away from Cocoapods toward alternative
[INSTALL_PODS] solutions to build the project.
[INSTALL_PODS] * If you are using Expo, please run:
[INSTALL_PODS] `npx expo run:ios`
[INSTALL_PODS] * If you are using the Community CLI, please run:
[INSTALL_PODS] `yarn ios`
[INSTALL_PODS] =============================================================
[INSTALL_PODS] Pod install took 66 [s] to run
[INSTALL_PODS] Integrating client project
[INSTALL_PODS] [!] Please close any current Xcode sessions and use `ItsAdventureTime.xcworkspace` for this project from now on.
[INSTALL_PODS] [Expo] Installing the build script for target ItsAdventureTime
[INSTALL_PODS] Pod installation complete! There are 111 dependencies from the Podfile and 122 total pods installed.
[INSTALL_PODS] [Expo] Adding '[Expo Autolinking] Run Codegen with autolinking' build phase to ReactCodegen
[INSTALL_PODS] [!] React-Core-prebuilt has added 1 script phase. Please inspect before executing a build. See `https://guides.cocoapods.org/syntax/podspec.html#script_phases` for more information.
[INSTALL_PODS] [!] ReactNativeDependencies has added 1 script phase. Please inspect before executing a build. See `https://guides.cocoapods.org/syntax/podspec.html#script_phases` for more information.
[INSTALL_PODS] [!] hermes-engine has added 1 script phase. Please inspect before executing a build. See `https://guides.cocoapods.org/syntax/podspec.html#script_phases` for more information.
[CALCULATE_EXPO_UPDATES_RUNTIME_VERSION] Resolved runtime version: exposdk:54.0.0
[CONFIGURE_XCODE_PROJECT] Configuring Xcode project
[CONFIGURE_XCODE_PROJECT] Assigning provisioning profile '*[expo] com.masongallegos.itsadventuretime AppStore 2026-07-16T18:58:02.660Z' (Apple Team ID: 2AU7KFCM84) to target 'ItsAdventureTime'
[EAGER_BUNDLE] Starting Metro Bundler
[EAGER_BUNDLE] iOS ./index.js ░░░░░░░░░░░░░░░░  0.0% (0/1)
[EAGER_BUNDLE] iOS ./index.js ▓▓▓▓▓▓▓▓▓▓▓▓▓░░░ 84.6% (1568/1705)
[EAGER_BUNDLE] iOS Bundled 4317ms index.js (2009 modules)
[EAGER_BUNDLE] Writing bundle output to: /var/folders/qt/kpfgjxmx6m5clksryb0r58gw0000gn/T/vwdyno38o29/main.jsbundle
[EAGER_BUNDLE] Copying 34 asset files
[EAGER_BUNDLE] Done writing bundle output
[RUN_FASTLANE] Creating Gymfile
[RUN_FASTLANE] Gymfile created
[RUN_FASTLANE] Successfully loaded '/private/var/folders/qt/kpfgjxmx6m5clksryb0r58gw0000gn/T/eas-build-local-nodejs/5579abcf-f9de-472f-99c1-cded4323ccb7/build/ios/Gymfile' 📄
[RUN_FASTLANE] 
[RUN_FASTLANE] +---------------------------------------------------------------------------------------------------------------------------------------------------------------------+
[RUN_FASTLANE] |                                                                  Detected Values from './Gymfile'                                                                   |
[RUN_FASTLANE] +-----------------------+---------------------------------------------------------------------------------------------------------------------------------------------+
[RUN_FASTLANE] | suppress_xcode_output | true                                                                                                                                        |
[RUN_FASTLANE] | clean                 | false                                                                                                                                       |
[RUN_FASTLANE] | scheme                | ItsAdventureTime                                                                                                                            |
[RUN_FASTLANE] | configuration         | Release                                                                                                                                     |
[RUN_FASTLANE] | export_options        |                                                                                                                                             |
[RUN_FASTLANE] | export_xcargs         | OTHER_CODE_SIGN_FLAGS="--keychain /var/folders/qt/kpfgjxmx6m5clksryb0r58gw0000gn/T/eas-build-d823cee9-6645-465e-b974-05bb0484852f.keychain" |
[RUN_FASTLANE] | disable_xcpretty      | true                                                                                                                                        |
[RUN_FASTLANE] | buildlog_path         | /var/folders/qt/kpfgjxmx6m5clksryb0r58gw0000gn/T/eas-build-local-nodejs/5579abcf-f9de-472f-99c1-cded4323ccb7/logs                           |
[RUN_FASTLANE] | derived_data_path     | ./build                                                                                                                                     |
[RUN_FASTLANE] | result_bundle         | true                                                                                                                                        |
[RUN_FASTLANE] | result_bundle_path    | /var/folders/qt/kpfgjxmx6m5clksryb0r58gw0000gn/T/result-bundle-1784615964207.xcresult                                                       |
[RUN_FASTLANE] | output_directory      | ./build                                                                                                                                     |
[RUN_FASTLANE] +-----------------------+---------------------------------------------------------------------------------------------------------------------------------------------+
[RUN_FASTLANE] Resolving Swift Package Manager dependencies...
[RUN_FASTLANE] $ xcodebuild -resolvePackageDependencies -workspace ./ItsAdventureTime.xcworkspace -scheme ItsAdventureTime -configuration Release -derivedDataPath ./build
[RUN_FASTLANE] ▸ Command line invocation:
[RUN_FASTLANE] ▸     /Applications/Xcode.app/Contents/Developer/usr/bin/xcodebuild -resolvePackageDependencies -workspace ./ItsAdventureTime.xcworkspace -scheme ItsAdventureTime -configuration Release -derivedDataPath ./build
[RUN_FASTLANE] ▸ resolved source packages:
[RUN_FASTLANE] $ xcodebuild -showBuildSettings -workspace ./ItsAdventureTime.xcworkspace -scheme ItsAdventureTime -configuration Release -derivedDataPath ./build 2>&1
[RUN_FASTLANE] Command timed out after 3 seconds on try 1 of 4, trying again with a 6 second timeout...
[RUN_FASTLANE] Detected provisioning profile mapping: {"com.masongallegos.itsadventuretime": "169ad913-9163-4370-ad4c-1e6319b53571"}
[RUN_FASTLANE] 
[RUN_FASTLANE] +----------------------------------------------------------------------------------------------------------------------------------------------------------------------------------------------------------------------+
[RUN_FASTLANE] |                                                                                               Summary for gym 2.237.0                                                                                                |
[RUN_FASTLANE] +------------------------------------------------------------------------+---------------------------------------------------------------------------------------------------------------------------------------------+
[RUN_FASTLANE] | workspace                                                              | ./ItsAdventureTime.xcworkspace                                                                                                              |
[RUN_FASTLANE] | scheme                                                                 | ItsAdventureTime                                                                                                                            |
[RUN_FASTLANE] | clean                                                                  | false                                                                                                                                       |
[RUN_FASTLANE] | output_directory                                                       | ./build                                                                                                                                     |
[RUN_FASTLANE] | output_name                                                            | ItsAdventureTime                                                                                                                            |
[RUN_FASTLANE] | configuration                                                          | Release                                                                                                                                     |
[RUN_FASTLANE] | silent                                                                 | false                                                                                                                                       |
[RUN_FASTLANE] | skip_package_ipa                                                       | false                                                                                                                                       |
[RUN_FASTLANE] | skip_package_pkg                                                       | false                                                                                                                                       |
[RUN_FASTLANE] | export_options.method                                                  | app-store                                                                                                                                   |
[RUN_FASTLANE] | export_options.provisioningProfiles.com.masongallegos.itsadventuretime | 169ad913-9163-4370-ad4c-1e6319b53571                                                                                                        |
[RUN_FASTLANE] | export_xcargs                                                          | OTHER_CODE_SIGN_FLAGS="--keychain /var/folders/qt/kpfgjxmx6m5clksryb0r58gw0000gn/T/eas-build-d823cee9-6645-465e-b974-05bb0484852f.keychain" |
[RUN_FASTLANE] | build_path                                                             | /Users/sinjin/Library/Developer/Xcode/Archives/2026-07-21                                                                                   |
[RUN_FASTLANE] | derived_data_path                                                      | ./build                                                                                                                                     |
[RUN_FASTLANE] | result_bundle                                                          | true                                                                                                                                        |
[RUN_FASTLANE] | result_bundle_path                                                     | /var/folders/qt/kpfgjxmx6m5clksryb0r58gw0000gn/T/result-bundle-1784615964207.xcresult                                                       |
[RUN_FASTLANE] | buildlog_path                                                          | /var/folders/qt/kpfgjxmx6m5clksryb0r58gw0000gn/T/eas-build-local-nodejs/5579abcf-f9de-472f-99c1-cded4323ccb7/logs                           |
[RUN_FASTLANE] | destination                                                            | generic/platform=iOS                                                                                                                        |
[RUN_FASTLANE] | suppress_xcode_output                                                  | true                                                                                                                                        |
[RUN_FASTLANE] | xcodebuild_formatter                                                   | xcpretty                                                                                                                                    |
[RUN_FASTLANE] | build_timing_summary                                                   | false                                                                                                                                       |
[RUN_FASTLANE] | disable_xcpretty                                                       | true                                                                                                                                        |
[RUN_FASTLANE] | skip_profile_detection                                                 | false                                                                                                                                       |
[RUN_FASTLANE] | xcodebuild_command                                                     | xcodebuild                                                                                                                                  |
[RUN_FASTLANE] | skip_package_dependencies_resolution                                   | false                                                                                                                                       |
[RUN_FASTLANE] | disable_package_automatic_updates                                      | false                                                                                                                                       |
[RUN_FASTLANE] | skip_package_repository_fetches                                        | false                                                                                                                                       |
[RUN_FASTLANE] | use_system_scm                                                         | false                                                                                                                                       |
[RUN_FASTLANE] | generate_appstore_info                                                 | false                                                                                                                                       |
[RUN_FASTLANE] | xcode_path                                                             | /Applications/Xcode.app                                                                                                                     |
[RUN_FASTLANE] +------------------------------------------------------------------------+---------------------------------------------------------------------------------------------------------------------------------------------+
[RUN_FASTLANE] $ set -o pipefail && xcodebuild -workspace ./ItsAdventureTime.xcworkspace -scheme ItsAdventureTime -configuration Release -derivedDataPath ./build -destination 'generic/platform=iOS' -archivePath /Users/sinjin/Library/Developer/Xcode/Archives/2026-07-21/ItsAdventureTime\ 2026-07-21\ 00.39.40.xcarchive -resultBundlePath '/var/folders/qt/kpfgjxmx6m5clksryb0r58gw0000gn/T/result-bundle-1784615964207.xcresult' archive | tee /var/folders/qt/kpfgjxmx6m5clksryb0r58gw0000gn/T/eas-build-local-nodejs/5579abcf-f9de-472f-99c1-cded4323ccb7/logs/ItsAdventureTime-ItsAdventureTime.log > /dev/null
[RUN_FASTLANE] › Executing react-native Pods/hermes-engine » [CP-User] [Hermes] Replace Hermes for the right configuration, if needed
[RUN_FASTLANE] › Executing react-native Pods/ReactNativeDependencies » [CP-User] [RNDeps] Replace React Native Dependencies for the right configuration, if needed
[RUN_FASTLANE] › Executing react-native Pods/hermes-engine » [CP] Copy XCFrameworks
[RUN_FASTLANE] › Preparing Pods/react-native-maps-ReactNativeMapsPrivacy » ResourceBundle-ReactNativeMapsPrivacy-react-native-maps-Info.plist
[RUN_FASTLANE] › Copying   ios/build/Build/Intermediates.noindex/ArchiveIntermediates/ItsAdventureTime/IntermediateBuildFilesPath/UninstalledProducts/iphoneos/ReactNativeMapsPrivacy.bundle/PrivacyInfo.xcprivacy ➜ ../../../var/folders/qt/kpfgjxmx6m5clksryb0r58gw0000gn/T/eas-build-local-nodejs/5579abcf-f9de-472f-99c1-cded4323ccb7/build/node_modules/react-native-maps/ios/PrivacyInfo.xcprivacy
[RUN_FASTLANE] › Compiling expo-image Pods/libwebp » sharpyuv_csp.c
[RUN_FASTLANE] › Compiling expo-image Pods/libwebp » yuv_sse41.c
[RUN_FASTLANE] › Compiling expo-image Pods/libwebp » yuv_sse2.c
[RUN_FASTLANE] › Compiling expo-image Pods/libwebp » yuv_mips_dsp_r2.c
[RUN_FASTLANE] › Compiling expo-image Pods/libwebp » yuv_mips32.c
[RUN_FASTLANE] › Compiling expo-image Pods/libwebp » upsampling_sse41.c
[RUN_FASTLANE] › Compiling expo-image Pods/libwebp » upsampling_sse2.c
[RUN_FASTLANE] › Compiling expo-image Pods/libwebp » upsampling_msa.c
[RUN_FASTLANE] › Compiling expo-image Pods/libwebp » upsampling_mips_dsp_r2.c
[RUN_FASTLANE] › Compiling expo-image Pods/libwebp » upsampling.c
[RUN_FASTLANE] › Compiling expo-image Pods/libwebp » tree_enc.c
[RUN_FASTLANE] › Compiling expo-image Pods/libwebp » tree_dec.c
[RUN_FASTLANE] › Compiling expo-image Pods/libwebp » thread_utils.c
[RUN_FASTLANE] › Compiling expo-image Pods/libwebp » syntax_enc.c
[RUN_FASTLANE] › Compiling expo-image Pods/libwebp » ssim_sse2.c
[RUN_FASTLANE] › Compiling expo-image Pods/libwebp » sharpyuv_sse2.c
[RUN_FASTLANE] › Compiling expo-image Pods/libwebp » sharpyuv_gamma.c
[RUN_FASTLANE] › Compiling expo-image Pods/libwebp » sharpyuv_cpu.c
[RUN_FASTLANE] › Compiling expo-image Pods/libwebp » rescaler_sse2.c
[RUN_FASTLANE] › Compiling expo-image Pods/libwebp » rescaler_msa.c
[RUN_FASTLANE] › Compiling expo-image Pods/libwebp » rescaler_mips_dsp_r2.c
[RUN_FASTLANE] › Compiling expo-image Pods/libwebp » rescaler_mips32.c
[RUN_FASTLANE] › Compiling expo-image Pods/libwebp » rescaler.c
[RUN_FASTLANE] › Compiling expo-image Pods/libwebp » random_utils.c
[RUN_FASTLANE] › Compiling expo-image Pods/libwebp » yuv.c
[RUN_FASTLANE] › Compiling expo-image Pods/libwebp » webp_enc.c
[RUN_FASTLANE] › Compiling expo-image Pods/libwebp » webp_dec.c
[RUN_FASTLANE] › Compiling expo-image Pods/libwebp » vp8l_enc.c
[RUN_FASTLANE] › Compiling expo-image Pods/libwebp » vp8l_dec.c
[RUN_FASTLANE] › Compiling expo-image Pods/libwebp » vp8_dec.c
[RUN_FASTLANE] › Compiling expo-image Pods/libwebp » utils.c
[RUN_FASTLANE] › Compiling expo-image Pods/libwebp » token_enc.c
[RUN_FASTLANE] › Compiling expo-image Pods/libwebp » ssim.c
[RUN_FASTLANE] › Compiling expo-image Pods/libwebp » sharpyuv_dsp.c
[RUN_FASTLANE] › Compiling expo-image Pods/libwebp » sharpyuv.c
[RUN_FASTLANE] › Compiling expo-image Pods/libwebp » rescaler_utils.c
[RUN_FASTLANE] › Compiling expo-image Pods/libwebp » quant_levels_utils.c
[RUN_FASTLANE] › Compiling expo-image Pods/libwebp » quant_levels_dec_utils.c
[RUN_FASTLANE] › Compiling expo-image Pods/libwebp » yuv_neon.c
[RUN_FASTLANE] › Compiling expo-image Pods/libwebp » upsampling_neon.c
[RUN_FASTLANE] › Compiling expo-image Pods/libwebp » sharpyuv_neon.c
[RUN_FASTLANE] › Compiling expo-image Pods/libwebp » rescaler_neon.c
[RUN_FASTLANE] › Compiling expo-image Pods/libwebp » quant_enc.c
[RUN_FASTLANE] › Compiling expo-image Pods/libwebp » quant_dec.c
[RUN_FASTLANE] › Compiling expo-image Pods/libwebp » picture_tools_enc.c
[RUN_FASTLANE] › Compiling expo-image Pods/libwebp » predictor_enc.c
[RUN_FASTLANE] › Compiling expo-image Pods/libwebp » picture_rescale_enc.c
[RUN_FASTLANE] › Compiling expo-image Pods/libwebp » picture_psnr_enc.c
[RUN_FASTLANE] › Compiling expo-image Pods/libwebp » picture_enc.c
[RUN_FASTLANE] › Compiling expo-image Pods/libwebp » picture_csp_enc.c
[RUN_FASTLANE] › Compiling expo-image Pods/libwebp » palette.c
[RUN_FASTLANE] › Compiling expo-image Pods/libwebp » near_lossless_enc.c
[RUN_FASTLANE] › Compiling expo-image Pods/libwebp » muxread.c
[RUN_FASTLANE] › Compiling expo-image Pods/libwebp » muxinternal.c
[RUN_FASTLANE] › Compiling expo-image Pods/libwebp » muxedit.c
[RUN_FASTLANE] › Compiling expo-image Pods/libwebp » lossless_sse41.c
[RUN_FASTLANE] › Compiling expo-image Pods/libwebp » lossless_sse2.c
[RUN_FASTLANE] › Compiling expo-image Pods/libwebp » lossless_neon.c
[RUN_FASTLANE] › Compiling expo-image Pods/libwebp » lossless_msa.c
[RUN_FASTLANE] › Compiling expo-image Pods/libwebp » lossless_mips_dsp_r2.c
[RUN_FASTLANE] › Compiling expo-image Pods/libwebp » lossless_enc_sse41.c
[RUN_FASTLANE] › Compiling expo-image Pods/libwebp » lossless_enc_sse2.c
[RUN_FASTLANE] › Compiling expo-image Pods/libwebp » lossless_enc_neon.c
[RUN_FASTLANE] › Compiling expo-image Pods/libwebp » lossless_enc_mips_dsp_r2.c
[RUN_FASTLANE] › Compiling expo-image Pods/libwebp » lossless_enc_msa.c
[RUN_FASTLANE] › Compiling expo-image Pods/libwebp » lossless_enc_mips32.c
[RUN_FASTLANE] › Compiling expo-image Pods/libwebp » lossless.c
[RUN_FASTLANE] › Compiling expo-image Pods/libwebp » lossless_enc.c
[RUN_FASTLANE] › Compiling expo-image Pods/libwebp » idec_dec.c
[RUN_FASTLANE] › Compiling expo-image Pods/libwebp » io_dec.c
[RUN_FASTLANE] › Compiling expo-image Pods/libwebp » huffman_utils.c
[RUN_FASTLANE] › Compiling expo-image Pods/libwebp » iterator_enc.c
[RUN_FASTLANE] › Compiling expo-image Pods/libwebp » huffman_encode_utils.c
[RUN_FASTLANE] › Compiling expo-image Pods/libwebp » histogram_enc.c
[RUN_FASTLANE] › Compiling expo-image Pods/libwebp » frame_enc.c
[RUN_FASTLANE] › Compiling expo-image Pods/libwebp » frame_dec.c
[RUN_FASTLANE] › Compiling expo-image Pods/libwebp » filters_utils.c
[RUN_FASTLANE] › Compiling expo-image Pods/libwebp » filters_sse2.c
[RUN_FASTLANE] › Compiling expo-image Pods/libwebp » filters_neon.c
[RUN_FASTLANE] › Compiling expo-image Pods/libwebp » filters_msa.c
[RUN_FASTLANE] › Compiling expo-image Pods/libwebp » filters_mips_dsp_r2.c
[RUN_FASTLANE] › Compiling expo-image Pods/libwebp » filters.c
[RUN_FASTLANE] › Compiling expo-image Pods/libwebp » filter_enc.c
[RUN_FASTLANE] › Compiling expo-image Pods/libwebp » enc_sse41.c
[RUN_FASTLANE] › Compiling expo-image Pods/libwebp » enc_sse2.c
[RUN_FASTLANE] › Compiling expo-image Pods/libwebp » enc_neon.c
[RUN_FASTLANE] › Compiling expo-image Pods/libwebp » enc_msa.c
[RUN_FASTLANE] › Compiling expo-image Pods/libwebp » enc_mips_dsp_r2.c
[RUN_FASTLANE] › Compiling expo-image Pods/libwebp » enc_mips32.c
[RUN_FASTLANE] › Compiling expo-image Pods/libwebp » enc.c
[RUN_FASTLANE] › Compiling expo-image Pods/libwebp » dec_sse41.c
[RUN_FASTLANE] › Compiling expo-image Pods/libwebp » dec_sse2.c
[RUN_FASTLANE] › Compiling expo-image Pods/libwebp » demux.c
[RUN_FASTLANE] › Compiling expo-image Pods/libwebp » dec_msa.c
[RUN_FASTLANE] › Compiling expo-image Pods/libwebp » dec_neon.c
[RUN_FASTLANE] › Compiling expo-image Pods/libwebp » dec_mips_dsp_r2.c
[RUN_FASTLANE] › Compiling expo-image Pods/libwebp » dec_mips32.c
[RUN_FASTLANE] › Compiling expo-image Pods/libwebp » dec_clip_tables.c
[RUN_FASTLANE] › Compiling expo-image Pods/libwebp » dec.c
[RUN_FASTLANE] › Compiling expo-image Pods/libwebp » cpu.c
[RUN_FASTLANE] › Compiling expo-image Pods/libwebp » cost_sse2.c
[RUN_FASTLANE] › Compiling expo-image Pods/libwebp » cost_neon.c
[RUN_FASTLANE] › Compiling expo-image Pods/libwebp » cost_mips_dsp_r2.c
[RUN_FASTLANE] › Compiling expo-image Pods/libwebp » cost_mips32.c
[RUN_FASTLANE] › Compiling expo-image Pods/libwebp » cost_enc.c
[RUN_FASTLANE] › Compiling expo-image Pods/libwebp » cost.c
[RUN_FASTLANE] › Compiling expo-image Pods/libwebp » config_enc.c
[RUN_FASTLANE] › Compiling expo-image Pods/libwebp » color_cache_utils.c
[RUN_FASTLANE] › Compiling expo-image Pods/libwebp » buffer_dec.c
[RUN_FASTLANE] › Compiling expo-image Pods/libwebp » bit_reader_utils.c
[RUN_FASTLANE] › Compiling expo-image Pods/libwebp » backward_references_enc.c
[RUN_FASTLANE] › Compiling expo-image Pods/libwebp » backward_references_cost_enc.c
[RUN_FASTLANE] › Compiling expo-image Pods/libwebp » bit_writer_utils.c
[RUN_FASTLANE] › Compiling expo-image Pods/libwebp » anim_encode.c
[RUN_FASTLANE] › Compiling expo-image Pods/libwebp » analysis_enc.c
[RUN_FASTLANE] › Compiling expo-image Pods/libwebp » anim_decode.c
[RUN_FASTLANE] › Compiling expo-image Pods/libwebp » alpha_processing_sse41.c
[RUN_FASTLANE] › Compiling expo-image Pods/libwebp » alpha_processing_sse2.c
[RUN_FASTLANE] › Compiling expo-image Pods/libwebp » alpha_processing_neon.c
[RUN_FASTLANE] › Compiling expo-image Pods/libwebp » alpha_processing_mips_dsp_r2.c
[RUN_FASTLANE] › Compiling expo-image Pods/libwebp » alpha_processing.c
[RUN_FASTLANE] › Compiling expo-image Pods/libwebp » alpha_enc.c
[RUN_FASTLANE] › Compiling expo-image Pods/libwebp » alpha_dec.c
[RUN_FASTLANE] › Compiling expo-image Pods/libdav1d » wedge.c
[RUN_FASTLANE] › Compiling expo-image Pods/libdav1d » tables.c
[RUN_FASTLANE] › Compiling expo-image Pods/libdav1d » scan.c
[RUN_FASTLANE] › Compiling expo-image Pods/libdav1d » qm.c
[RUN_FASTLANE] › Compiling expo-image Pods/libdav1d » itx_tmpl_16.c
[RUN_FASTLANE] › Compiling expo-image Pods/libdav1d » lf_mask.c
[RUN_FASTLANE] › Compiling expo-image Pods/libdav1d » itx_tmpl.c
[RUN_FASTLANE] › Compiling expo-image Pods/libdav1d » itx_1d.c
[RUN_FASTLANE] › Compiling expo-image Pods/libdav1d » warpmv.c
[RUN_FASTLANE] › Compiling expo-image Pods/libdav1d » thread_task.c
[RUN_FASTLANE] › Compiling expo-image Pods/libdav1d » refmvs.c
[RUN_FASTLANE] › Compiling expo-image Pods/libdav1d » ref.c
[RUN_FASTLANE] › Compiling expo-image Pods/libdav1d » recon_tmpl_16.c
[RUN_FASTLANE] › Compiling expo-image Pods/libdav1d » recon_tmpl.c
[RUN_FASTLANE] › Compiling expo-image Pods/libdav1d » picture.c
[RUN_FASTLANE] › Compiling expo-image Pods/libdav1d » obu.c
[RUN_FASTLANE] › Compiling expo-image Pods/libdav1d » msac.c
[RUN_FASTLANE] › Compiling expo-image Pods/libdav1d » mem.c
[RUN_FASTLANE] › Compiling expo-image Pods/libdav1d » mc_tmpl_16.c
[RUN_FASTLANE] › Compiling expo-image Pods/libdav1d » mc_tmpl.c
[RUN_FASTLANE] › Compiling expo-image Pods/libdav1d » lr_apply_tmpl_16.c
[RUN_FASTLANE] › Compiling expo-image Pods/libdav1d » lr_apply_tmpl.c
[RUN_FASTLANE] › Compiling expo-image Pods/libdav1d » looprestoration_tmpl_16.c
[RUN_FASTLANE] › Compiling expo-image Pods/libdav1d » looprestoration_tmpl.c
[RUN_FASTLANE] › Compiling expo-image Pods/libdav1d » loopfilter_tmpl_16.c
[RUN_FASTLANE] › Compiling expo-image Pods/libdav1d » loopfilter_tmpl.c
[RUN_FASTLANE] › Compiling expo-image Pods/libdav1d » log.c
[RUN_FASTLANE] › Compiling expo-image Pods/libdav1d » lib.c
[RUN_FASTLANE] › Compiling expo-image Pods/libdav1d » lf_apply_tmpl_16.c
[RUN_FASTLANE] › Compiling expo-image Pods/libdav1d » lf_apply_tmpl.c
[RUN_FASTLANE] › Compiling expo-image Pods/libdav1d » ipred_tmpl_16.c
[RUN_FASTLANE] › Compiling expo-image Pods/libdav1d » ipred_tmpl.c
[RUN_FASTLANE] › Compiling expo-image Pods/libdav1d » ipred_prepare_tmpl_16.c
[RUN_FASTLANE] › Compiling expo-image Pods/libdav1d » ipred_prepare_tmpl.c
[RUN_FASTLANE] › Compiling expo-image Pods/libdav1d » intra_edge.c
[RUN_FASTLANE] › Compiling expo-image Pods/libdav1d » getbits.c
[RUN_FASTLANE] › Compiling expo-image Pods/libdav1d » filmgrain_tmpl_16.c
[RUN_FASTLANE] › Compiling expo-image Pods/libdav1d » filmgrain_tmpl.c
[RUN_FASTLANE] › Compiling expo-image Pods/libdav1d » fg_apply_tmpl_16.c
[RUN_FASTLANE] › Compiling expo-image Pods/libdav1d » fg_apply_tmpl.c
[RUN_FASTLANE] › Compiling expo-image Pods/libdav1d » dequant_tables.c
[RUN_FASTLANE] › Compiling expo-image Pods/libdav1d » decode.c
[RUN_FASTLANE] › Compiling expo-image Pods/libdav1d » cpu.c
[RUN_FASTLANE] › Compiling expo-image Pods/libdav1d » data.c
[RUN_FASTLANE] › Compiling expo-image Pods/libdav1d » cdef_tmpl_16.c
[RUN_FASTLANE] › Compiling expo-image Pods/libdav1d » cdf.c
[RUN_FASTLANE] › Compiling expo-image Pods/libdav1d » cdef_tmpl.c
[RUN_FASTLANE] › Compiling expo-image Pods/libdav1d » cdef_apply_tmpl_16.c
[RUN_FASTLANE] › Preparing Pods/Sentry-Sentry » ResourceBundle-Sentry-Sentry-Info.plist
[RUN_FASTLANE] › Compiling expo-image Pods/libdav1d » cdef_apply_tmpl.c
[RUN_FASTLANE] › Copying   ios/build/Build/Intermediates.noindex/ArchiveIntermediates/ItsAdventureTime/IntermediateBuildFilesPath/UninstalledProducts/iphoneos/Sentry.bundle/PrivacyInfo.xcprivacy ➜ ../../../var/folders/qt/kpfgjxmx6m5clksryb0r58gw0000gn/T/eas-build-local-nodejs/5579abcf-f9de-472f-99c1-cded4323ccb7/build/ios/Pods/Sentry/Sources/Resources/PrivacyInfo.xcprivacy
[RUN_FASTLANE] › Compiling expo-image Pods/libdav1d » cpu.c
[RUN_FASTLANE] › Compiling Pods/libavif » write.c
[RUN_FASTLANE] › Compiling Pods/libavif » utils.c
[RUN_FASTLANE] › Compiling Pods/libavif » scale.c
[RUN_FASTLANE] › Compiling Pods/libavif » reformat_libyuv.c
[RUN_FASTLANE] › Compiling Pods/libavif » reformat_libsharpyuv.c
[RUN_FASTLANE] › Compiling Pods/libavif » rawdata.c
[RUN_FASTLANE] › Compiling Pods/libavif » obu.c
[RUN_FASTLANE] › Compiling Pods/libavif » io.c
[RUN_FASTLANE] › Compiling Pods/libavif » exif.c
[RUN_FASTLANE] › Compiling Pods/libavif » diag.c
[RUN_FASTLANE] › Compiling Pods/libavif » colr.c
[RUN_FASTLANE] › Compiling Pods/libavif » codec_dav1d.c
[RUN_FASTLANE] › Compiling Pods/libavif » avif.c
[RUN_FASTLANE] › Compiling Pods/libavif » alpha.c
[RUN_FASTLANE] › Creating  Pods/react-native-maps-ReactNativeMapsPrivacy » ReactNativeMapsPrivacy.bundle
[RUN_FASTLANE] › Executing react-native Pods/ReactNativeDependencies » [CP] Copy XCFrameworks
[RUN_FASTLANE] › Compiling Pods/libavif » reformat.c
[RUN_FASTLANE] › Compiling Pods/libavif » mem.c
[RUN_FASTLANE] › Compiling Pods/libavif » stream.c
[RUN_FASTLANE] › Compiling Pods/libavif » read.c
[RUN_FASTLANE] › Compiling expo-image Pods/libwebp » libwebp-dummy.m
[RUN_FASTLANE] › Compiling expo-image Pods/libdav1d » libdav1d-dummy.m
[RUN_FASTLANE] › Packaging expo-image Pods/libwebp » liblibwebp.a
[RUN_FASTLANE] › Packaging expo-image Pods/libdav1d » liblibdav1d.a
[RUN_FASTLANE] › Compiling Pods/libavif » libavif-dummy.m
[RUN_FASTLANE] › Executing react-native Pods/React-Core-prebuilt » [CP-User] [RNDeps] Replace React Native Core for the right configuration, if needed
[RUN_FASTLANE] › Compiling Pods/ZXingObjC » ZXingObjC-dummy.m
[RUN_FASTLANE] › Compiling Pods/ZXingObjC » ZXWifiResultParser.m
[RUN_FASTLANE] › Compiling Pods/ZXingObjC » ZXWifiParsedResult.m
[RUN_FASTLANE] › Compiling Pods/ZXingObjC » ZXWhiteRectangleDetector.m
[RUN_FASTLANE] › Compiling Pods/ZXingObjC » ZXVINResultParser.m
[RUN_FASTLANE] › Compiling Pods/ZXingObjC » ZXVINParsedResult.m
[RUN_FASTLANE] › Compiling Pods/ZXingObjC » ZXVEventResultParser.m
[RUN_FASTLANE] › Compiling Pods/ZXingObjC » ZXVCardResultParser.m
[RUN_FASTLANE] › Compiling Pods/ZXingObjC » ZXURLTOResultParser.m
[RUN_FASTLANE] › Compiling Pods/ZXingObjC » ZXURIResultParser.m
[RUN_FASTLANE] › Compiling Pods/ZXingObjC » ZXURIParsedResult.m
[RUN_FASTLANE] › Compiling Pods/ZXingObjC » ZXUPCEWriter.m
[RUN_FASTLANE] › Compiling Pods/ZXingObjC » ZXUPCEReader.m
[RUN_FASTLANE] › Compiling Pods/ZXingObjC » ZXUPCEANWriter.m
[RUN_FASTLANE] › Compiling Pods/ZXingObjC » ZXUPCEANReader.m
[RUN_FASTLANE] › Compiling Pods/ZXingObjC » ZXUPCEANExtensionSupport.m
[RUN_FASTLANE] › Compiling Pods/ZXingObjC » ZXUPCEANExtension5Support.m
[RUN_FASTLANE] › Compiling Pods/ZXingObjC » ZXUPCEANExtension2Support.m
[RUN_FASTLANE] › Compiling Pods/ZXingObjC » ZXUPCAWriter.m
[RUN_FASTLANE] › Compiling Pods/ZXingObjC » ZXUPCAReader.m
[RUN_FASTLANE] › Compiling Pods/ZXingObjC » ZXTextParsedResult.m
[RUN_FASTLANE] › Compiling Pods/ZXingObjC » ZXTelResultParser.m
[RUN_FASTLANE] › Compiling Pods/ZXingObjC » ZXTelParsedResult.m
[RUN_FASTLANE] › Compiling Pods/ZXingObjC » ZXStringUtils.m
[RUN_FASTLANE] › Compiling Pods/ZXingObjC » ZXSMTPResultParser.m
[RUN_FASTLANE] › Compiling Pods/ZXingObjC » ZXSMSTOMMSTOResultParser.m
[RUN_FASTLANE] › Compiling Pods/ZXingObjC » ZXSMSParsedResult.m
[RUN_FASTLANE] › Compiling Pods/ZXingObjC » ZXSMSMMSResultParser.m
[RUN_FASTLANE] › Compiling Pods/ZXingObjC » ZXResultPoint.m
[RUN_FASTLANE] › Compiling Pods/ZXingObjC » ZXResultParser.m
[RUN_FASTLANE] › Compiling Pods/ZXingObjC » ZXResult.m
[RUN_FASTLANE] › Compiling Pods/ZXingObjC » ZXReedSolomonEncoder.m
[RUN_FASTLANE] › Compiling Pods/ZXingObjC » ZXReedSolomonDecoder.m
[RUN_FASTLANE] › Compiling Pods/ZXingObjC » ZXRSSUtils.m
[RUN_FASTLANE] › Compiling Pods/ZXingObjC » ZXRSSPair.m
[RUN_FASTLANE] › Compiling Pods/ZXingObjC » ZXRSSFinderPattern.m
[RUN_FASTLANE] › Compiling Pods/ZXingObjC » ZXRSSExpandedRow.m
[RUN_FASTLANE] › Compiling Pods/ZXingObjC » ZXRSSExpandedReader.m
[RUN_FASTLANE] › Compiling Pods/ZXingObjC » ZXRSSExpandedPair.m
[RUN_FASTLANE] › Compiling Pods/ZXingObjC » ZXRSSExpandedGeneralAppIdDecoder.m
[RUN_FASTLANE] › Compiling Pods/ZXingObjC » ZXRSSExpandedFieldParser.m
[RUN_FASTLANE] › Compiling Pods/ZXingObjC » ZXRSSExpandedDecodedObject.m
[RUN_FASTLANE] › Compiling Pods/ZXingObjC » ZXRSSExpandedDecodedNumeric.m
[RUN_FASTLANE] › Compiling Pods/ZXingObjC » ZXRSSExpandedDecodedInformation.m
[RUN_FASTLANE] › Compiling Pods/ZXingObjC » ZXRSSExpandedDecodedChar.m
[RUN_FASTLANE] › Compiling Pods/ZXingObjC » ZXRSSExpandedCurrentParsingState.m
[RUN_FASTLANE] › Compiling Pods/ZXingObjC » ZXRSSExpandedBlockParsedResult.m
[RUN_FASTLANE] › Compiling Pods/ZXingObjC » ZXRSSDataCharacter.m
[RUN_FASTLANE] › Compiling Pods/ZXingObjC » ZXRSS14Reader.m
[RUN_FASTLANE] › Compiling Pods/ZXingObjC » ZXRGBLuminanceSource.m
[RUN_FASTLANE] › Compiling Pods/ZXingObjC » ZXProductResultParser.m
[RUN_FASTLANE] › Compiling Pods/ZXingObjC » ZXProductParsedResult.m
[RUN_FASTLANE] › Compiling Pods/ZXingObjC » ZXPlanarYUVLuminanceSource.m
[RUN_FASTLANE] › Compiling Pods/ZXingObjC » ZXPerspectiveTransform.m
[RUN_FASTLANE] › Compiling Pods/ZXingObjC » ZXParsedResult.m
[RUN_FASTLANE] › Compiling Pods/ZXingObjC » ZXPDF417Writer.m
[RUN_FASTLANE] › Compiling Pods/ZXingObjC » ZXPDF417ScanningDecoder.m
[RUN_FASTLANE] › Compiling Pods/ZXingObjC » ZXPDF417ResultMetadata.m
[RUN_FASTLANE] › Compiling Pods/ZXingObjC » ZXPDF417Reader.m
[RUN_FASTLANE] › Compiling Pods/ZXingObjC » ZXPDF417HighLevelEncoder.m
[RUN_FASTLANE] › Compiling Pods/ZXingObjC » ZXPDF417ErrorCorrection.m
[RUN_FASTLANE] › Compiling Pods/ZXingObjC » ZXPDF417ECErrorCorrection.m
[RUN_FASTLANE] › Compiling Pods/ZXingObjC » ZXPDF417Dimensions.m
[RUN_FASTLANE] › Compiling Pods/ZXingObjC » ZXPDF417DetectorResult.m
[RUN_FASTLANE] › Compiling Pods/ZXingObjC » ZXPDF417Detector.m
[RUN_FASTLANE] › Compiling Pods/ZXingObjC » ZXPDF417DetectionResultRowIndicatorColumn.m
[RUN_FASTLANE] › Compiling Pods/ZXingObjC » ZXPDF417DetectionResultColumn.m
[RUN_FASTLANE] › Compiling Pods/ZXingObjC » ZXPDF417DetectionResult.m
[RUN_FASTLANE] › Compiling Pods/ZXingObjC » ZXPDF417DecodedBitStreamParser.m
[RUN_FASTLANE] › Compiling Pods/ZXingObjC » ZXPDF417Common.m
[RUN_FASTLANE] › Compiling Pods/ZXingObjC » ZXPDF417CodewordDecoder.m
[RUN_FASTLANE] › Compiling Pods/ZXingObjC » ZXPDF417Codeword.m
[RUN_FASTLANE] › Compiling Pods/ZXingObjC » ZXPDF417BoundingBox.m
[RUN_FASTLANE] › Compiling Pods/ZXingObjC » ZXPDF417BarcodeValue.m
[RUN_FASTLANE] › Compiling Pods/ZXingObjC » ZXPDF417BarcodeRow.m
[RUN_FASTLANE] › Compiling Pods/ZXingObjC » ZXPDF417BarcodeMetadata.m
[RUN_FASTLANE] › Compiling Pods/ZXingObjC » ZXPDF417BarcodeMatrix.m
[RUN_FASTLANE] › Compiling Pods/ZXingObjC » ZXPDF417.m
[RUN_FASTLANE] › Compiling Pods/ZXingObjC » ZXOneDimensionalCodeWriter.m
[RUN_FASTLANE] › Compiling Pods/ZXingObjC » ZXOneDReader.m
[RUN_FASTLANE] › Compiling Pods/ZXingObjC » ZXMultiFormatWriter.m
[RUN_FASTLANE] › Compiling Pods/ZXingObjC » ZXMultiFormatUPCEANReader.m
[RUN_FASTLANE] › Compiling Pods/ZXingObjC » ZXMultiFormatReader.m
[RUN_FASTLANE] › Compiling Pods/ZXingObjC » ZXMultiFormatOneDReader.m
[RUN_FASTLANE] › Compiling Pods/ZXingObjC » ZXMonochromeRectangleDetector.m
[RUN_FASTLANE] › Compiling Pods/ZXingObjC » ZXModulusPoly.m
[RUN_FASTLANE] › Compiling Pods/ZXingObjC » ZXModulusGF.m
[RUN_FASTLANE] › Compiling Pods/ZXingObjC » ZXMathUtils.m
[RUN_FASTLANE] › Compiling Pods/ZXingObjC » ZXLuminanceSource.m
[RUN_FASTLANE] › Compiling Pods/ZXingObjC » ZXInvertedLuminanceSource.m
[RUN_FASTLANE] › Compiling Pods/ZXingObjC » ZXIntArray.m
[RUN_FASTLANE] › Compiling Pods/ZXingObjC » ZXImage.m
[RUN_FASTLANE] › Compiling Pods/ZXingObjC » ZXITFWriter.m
[RUN_FASTLANE] › Compiling Pods/ZXingObjC » ZXITFReader.m
[RUN_FASTLANE] › Compiling Pods/ZXingObjC » ZXISBNResultParser.m
[RUN_FASTLANE] › Compiling Pods/ZXingObjC » ZXISBNParsedResult.m
[RUN_FASTLANE] › Compiling Pods/ZXingObjC » ZXHybridBinarizer.m
[RUN_FASTLANE] › Compiling Pods/ZXingObjC » ZXGridSampler.m
[RUN_FASTLANE] › Compiling Pods/ZXingObjC » ZXGlobalHistogramBinarizer.m
[RUN_FASTLANE] › Compiling Pods/ZXingObjC » ZXGeoResultParser.m
[RUN_FASTLANE] › Compiling Pods/ZXingObjC » ZXGeoParsedResult.m
[RUN_FASTLANE] › Compiling Pods/ZXingObjC » ZXGenericMultipleBarcodeReader.m
[RUN_FASTLANE] › Compiling Pods/ZXingObjC » ZXGenericGFPoly.m
[RUN_FASTLANE] › Compiling Pods/ZXingObjC » ZXGenericGF.m
[RUN_FASTLANE] › Compiling Pods/ZXingObjC » ZXExpandedProductResultParser.m
[RUN_FASTLANE] › Compiling Pods/ZXingObjC » ZXExpandedProductParsedResult.m
[RUN_FASTLANE] › Compiling Pods/ZXingObjC » ZXErrors.m
[RUN_FASTLANE] › Compiling Pods/ZXingObjC » ZXEncodeHints.m
[RUN_FASTLANE] › Compiling Pods/ZXingObjC » ZXEmailDoCoMoResultParser.m
[RUN_FASTLANE] › Compiling Pods/ZXingObjC » ZXEmailAddressResultParser.m
[RUN_FASTLANE] › Compiling Pods/ZXingObjC » ZXEmailAddressParsedResult.m
[RUN_FASTLANE] › Compiling Pods/ZXingObjC » ZXEANManufacturerOrgSupport.m
[RUN_FASTLANE] › Compiling Pods/ZXingObjC » ZXEAN8Writer.m
[RUN_FASTLANE] › Compiling Pods/ZXingObjC » ZXEAN8Reader.m
[RUN_FASTLANE] › Compiling Pods/ZXingObjC » ZXEAN13Writer.m
[RUN_FASTLANE] › Compiling Pods/ZXingObjC » ZXEAN13Reader.m
[RUN_FASTLANE] › Compiling Pods/ZXingObjC » ZXDimension.m
[RUN_FASTLANE] › Compiling Pods/ZXingObjC » ZXDetectorResult.m
[RUN_FASTLANE] › Compiling Pods/ZXingObjC » ZXDefaultGridSampler.m
[RUN_FASTLANE] › Compiling Pods/ZXingObjC » ZXDecoderResult.m
[RUN_FASTLANE] › Compiling Pods/ZXingObjC » ZXDecodeHints.m
[RUN_FASTLANE] › Compiling Pods/ZXingObjC » ZXDecimal.m
[RUN_FASTLANE] › Compiling Pods/ZXingObjC » ZXCode93Writer.m
[RUN_FASTLANE] › Compiling Pods/ZXingObjC » ZXCode93Reader.m
[RUN_FASTLANE] › Compiling Pods/ZXingObjC » ZXCode39Writer.m
[RUN_FASTLANE] › Compiling Pods/ZXingObjC » ZXCode39Reader.m
[RUN_FASTLANE] › Compiling Pods/ZXingObjC » ZXCode128Writer.m
[RUN_FASTLANE] › Compiling Pods/ZXingObjC » ZXCode128Reader.m
[RUN_FASTLANE] › Compiling Pods/ZXingObjC » ZXCodaBarWriter.m
[RUN_FASTLANE] › Compiling Pods/ZXingObjC » ZXCodaBarReader.m
[RUN_FASTLANE] › Compiling Pods/ZXingObjC » ZXCharacterSetECI.m
[RUN_FASTLANE] › Compiling Pods/ZXingObjC » ZXCalendarParsedResult.m
[RUN_FASTLANE] › Compiling Pods/ZXingObjC » ZXCGImageLuminanceSourceInfo.m
[RUN_FASTLANE] › Compiling Pods/ZXingObjC » ZXCGImageLuminanceSource.m
[RUN_FASTLANE] › Compiling Pods/ZXingObjC » ZXByteMatrix.m
[RUN_FASTLANE] › Compiling Pods/ZXingObjC » ZXByteArray.m
[RUN_FASTLANE] › Compiling Pods/ZXingObjC » ZXByQuadrantReader.m
[RUN_FASTLANE] › Compiling Pods/ZXingObjC » ZXBoolArray.m
[RUN_FASTLANE] › Compiling Pods/ZXingObjC » ZXBookmarkDoCoMoResultParser.m
[RUN_FASTLANE] › Compiling Pods/ZXingObjC » ZXBizcardResultParser.m
[RUN_FASTLANE] › Compiling Pods/ZXingObjC » ZXBitSource.m
[RUN_FASTLANE] › Compiling Pods/ZXingObjC » ZXBitMatrix.m
[RUN_FASTLANE] › Compiling Pods/ZXingObjC » ZXBitArrayBuilder.m
[RUN_FASTLANE] › Compiling Pods/ZXingObjC » ZXBitArray.m
[RUN_FASTLANE] › Compiling Pods/ZXingObjC » ZXBinaryBitmap.m
[RUN_FASTLANE] › Compiling Pods/ZXingObjC » ZXBinarizer.m
[RUN_FASTLANE] › Compiling Pods/ZXingObjC » ZXAnyAIDecoder.m
[RUN_FASTLANE] › Compiling Pods/ZXingObjC » ZXAddressBookParsedResult.m
[RUN_FASTLANE] › Compiling Pods/ZXingObjC » ZXAddressBookDoCoMoResultParser.m
[RUN_FASTLANE] › Compiling Pods/ZXingObjC » ZXAddressBookAUResultParser.m
[RUN_FASTLANE] › Compiling Pods/ZXingObjC » ZXAbstractRSSReader.m
[RUN_FASTLANE] › Compiling Pods/ZXingObjC » ZXAbstractExpandedDecoder.m
[RUN_FASTLANE] › Compiling Pods/ZXingObjC » ZXAbstractDoCoMoResultParser.m
[RUN_FASTLANE] › Compiling Pods/ZXingObjC » ZXAI01weightDecoder.m
[RUN_FASTLANE] › Compiling Pods/ZXingObjC » ZXAI01decoder.m
[RUN_FASTLANE] › Compiling Pods/ZXingObjC » ZXAI01AndOtherAIs.m
[RUN_FASTLANE] › Compiling Pods/ZXingObjC » ZXAI013x0xDecoder.m
[RUN_FASTLANE] › Compiling Pods/ZXingObjC » ZXAI013x0x1xDecoder.m
[RUN_FASTLANE] › Compiling Pods/ZXingObjC » ZXAI01393xDecoder.m
[RUN_FASTLANE] › Compiling Pods/ZXingObjC » ZXAI01392xDecoder.m
[RUN_FASTLANE] › Compiling Pods/ZXingObjC » ZXAI01320xDecoder.m
[RUN_FASTLANE] › Compiling Pods/ZXingObjC » ZXAI013103decoder.m
[RUN_FASTLANE] › Packaging Pods/libavif » liblibavif.a
[RUN_FASTLANE] › Compiling expo-image Pods/SDWebImageSVGCoder » SDWebImageSVGCoder-dummy.m
[RUN_FASTLANE] › Compiling expo-image Pods/SDWebImageSVGCoder » SDImageSVGCoder.m
[RUN_FASTLANE] › Compiling expo-image Pods/SDWebImageSVGCoder » SDWebImageSVGCoderDefine.m
[RUN_FASTLANE] › Compiling Pods/ZXingObjC » ZXCapture.m
[RUN_FASTLANE] › Creating  Pods/Sentry-Sentry » Sentry.bundle
[RUN_FASTLANE] › Preparing expo-image Pods/SDWebImage-SDWebImage » ResourceBundle-SDWebImage-SDWebImage-Info.plist
[RUN_FASTLANE] › Copying   expo-image ios/build/Build/Intermediates.noindex/ArchiveIntermediates/ItsAdventureTime/IntermediateBuildFilesPath/UninstalledProducts/iphoneos/SDWebImage.bundle/PrivacyInfo.xcprivacy ➜ ../../../var/folders/qt/kpfgjxmx6m5clksryb0r58gw0000gn/T/eas-build-local-nodejs/5579abcf-f9de-472f-99c1-cded4323ccb7/build/ios/Pods/SDWebImage/WebImage/PrivacyInfo.xcprivacy
[RUN_FASTLANE] › Compiling expo-image Pods/SDWebImage » UIView+WebCacheState.m
[RUN_FASTLANE] › Compiling expo-image Pods/SDWebImage » UIView+WebCacheOperation.m
[RUN_FASTLANE] › Packaging Pods/ZXingObjC » libZXingObjC.a
[RUN_FASTLANE] › Compiling expo-image Pods/SDWebImage » UIView+WebCache.m
[RUN_FASTLANE] › Compiling expo-image Pods/SDWebImage » UIImageView+WebCache.m
[RUN_FASTLANE] › Compiling expo-image Pods/SDWebImage » UIImageView+HighlightedWebCache.m
[RUN_FASTLANE] › Compiling expo-image Pods/SDWebImage » UIImage+MultiFormat.m
[RUN_FASTLANE] › Compiling expo-image Pods/SDWebImage » UIImage+Metadata.m
[RUN_FASTLANE] › Compiling expo-image Pods/SDWebImage » UIImage+MemoryCacheCost.m
[RUN_FASTLANE] › Compiling expo-image Pods/SDWebImage » UIImage+GIF.m
[RUN_FASTLANE] › Compiling expo-image Pods/SDWebImage » UIImage+ForceDecode.m
[RUN_FASTLANE] › Compiling expo-image Pods/SDWebImage » UIImage+ExtendedCacheData.m
[RUN_FASTLANE] › Compiling expo-image Pods/SDWebImage » SDWebImageTransition.m
[RUN_FASTLANE] › Compiling expo-image Pods/SDWebImage » UIColor+SDHexString.m
[RUN_FASTLANE] › Compiling UIButton+WebCache.m
[RUN_FASTLANE] › Compiling expo-image Pods/SDWebImage » SDWebImagePrefetcher.m
[RUN_FASTLANE] › Compiling expo-image Pods/SDWebImage » SDWebImageOptionsProcessor.m
[RUN_FASTLANE] › Compiling expo-image Pods/SDWebImage » SDWebImageOperation.m
[RUN_FASTLANE] › Compiling expo-image Pods/SDWebImage » SDWebImageManager.m
[RUN_FASTLANE] › Compiling expo-image Pods/SDWebImage » SDWebImageIndicator.m
[RUN_FASTLANE] › Compiling expo-image Pods/SDWebImage » SDWebImageError.m
[RUN_FASTLANE] › Compiling expo-image Pods/SDWebImage » SDWebImageDownloaderResponseModifier.m
[RUN_FASTLANE] › Compiling expo-image Pods/SDWebImage » SDWebImageDownloaderRequestModifier.m
[RUN_FASTLANE] › Compiling expo-image Pods/SDWebImage » SDWebImageDownloaderOperation.m
[RUN_FASTLANE] › Compiling expo-image Pods/SDWebImage » SDWebImageDownloaderDecryptor.m
[RUN_FASTLANE] › Compiling expo-image Pods/SDWebImage » SDWebImageDownloaderConfig.m
[RUN_FASTLANE] › Compiling expo-image Pods/SDWebImageAVIFCoder » SDImageAVIFCoder.m
[RUN_FASTLANE] › Compiling expo-image Pods/SDWebImageAVIFCoder » Conversion.m
[RUN_FASTLANE] › Compiling expo-image Pods/SDWebImageAVIFCoder » ColorSpace.m
[RUN_FASTLANE] › Compiling expo-image Pods/SDWebImage » UIImage+Transform.m
[RUN_FASTLANE] › Compiling expo-image Pods/SDWebImage » SDWebImageDownloader.m
[RUN_FASTLANE] › Compiling expo-image Pods/SDWebImage » SDWebImageDefine.m
[RUN_FASTLANE] › Compiling expo-image Pods/SDWebImage » SDWebImageCompat.m
[RUN_FASTLANE] › Compiling expo-image Pods/SDWebImage » SDWebImageCacheSerializer.m
[RUN_FASTLANE] › Compiling expo-image Pods/SDWebImage » SDWebImageCacheKeyFilter.m
[RUN_FASTLANE] › Compiling expo-image Pods/SDWebImage » SDWebImage-dummy.m
[RUN_FASTLANE] › Compiling expo-image Pods/SDWebImage » SDWeakProxy.m
[RUN_FASTLANE] › Compiling expo-image Pods/SDWebImage » SDMemoryCache.m
[RUN_FASTLANE] › Compiling expo-image Pods/SDWebImage » SDInternalMacros.m
[RUN_FASTLANE] › Compiling expo-image Pods/SDWebImageWebPCoder » UIImage+WebP.m
[RUN_FASTLANE] › Compiling expo-image Pods/SDWebImageWebPCoder » SDWebImageWebPCoderDefine.m
[RUN_FASTLANE] › Compiling expo-image Pods/SDWebImageWebPCoder » SDWebImageWebPCoder-dummy.m
[RUN_FASTLANE] › Compiling expo-image Pods/SDWebImage » SDImageTransformer.m
[RUN_FASTLANE] › Compiling expo-image Pods/SDWebImage » SDImageLoadersManager.m
[RUN_FASTLANE] › Compiling expo-image Pods/SDWebImage » SDImageLoader.m
[RUN_FASTLANE] › Compiling expo-image Pods/SDWebImage » SDImageGraphics.m
[RUN_FASTLANE] › Compiling expo-image Pods/SDWebImage » SDImageHEICCoder.m
[RUN_FASTLANE] › Compiling expo-image Pods/SDWebImage » SDImageIOCoder.m
[RUN_FASTLANE] › Compiling expo-image Pods/SDWebImage » SDImageIOAnimatedCoder.m
[RUN_FASTLANE] › Compiling expo-image Pods/SDWebImage » SDImageFramePool.m
[RUN_FASTLANE] › Compiling expo-image Pods/SDWebImage » SDImageGIFCoder.m
[RUN_FASTLANE] › Compiling expo-image Pods/SDWebImage » SDImageFrame.m
[RUN_FASTLANE] › Compiling expo-image Pods/SDWebImage » SDImageCodersManager.m
[RUN_FASTLANE] › Compiling expo-image Pods/SDWebImage » SDImageCoderHelper.m
[RUN_FASTLANE] › Compiling expo-image Pods/SDWebImageWebPCoder » SDImageWebPCoder.m
[RUN_FASTLANE] › Compiling expo-image Pods/SDWebImage » SDImageCoder.m
[RUN_FASTLANE] › Compiling expo-image Pods/SDWebImage » SDImageCachesManager.m
[RUN_FASTLANE] › Compiling expo-image Pods/SDWebImage » SDImageCachesManagerOperation.m
[RUN_FASTLANE] › Compiling expo-image Pods/SDWebImage » SDImageCacheDefine.m
[RUN_FASTLANE] › Compiling expo-image Pods/SDWebImage » SDImageCacheConfig.m
[RUN_FASTLANE] › Compiling expo-image Pods/SDWebImage » SDImageCache.m
[RUN_FASTLANE] › Compiling expo-image Pods/SDWebImage » SDImageAWebPCoder.m
[RUN_FASTLANE] › Compiling expo-image Pods/SDWebImage » SDImageAssetManager.m
[RUN_FASTLANE] › Compiling expo-image Pods/SDWebImage » SDImageAPNGCoder.m
[RUN_FASTLANE] › Compiling expo-image Pods/SDWebImage » SDGraphicsImageRenderer.m
[RUN_FASTLANE] › Compiling expo-image Pods/SDWebImage » SDFileAttributeHelper.m
[RUN_FASTLANE] › Compiling expo-image Pods/SDWebImage » SDDisplayLink.m
[RUN_FASTLANE] › Compiling expo-image Pods/SDWebImage » SDDeviceHelper.m
[RUN_FASTLANE] › Compiling expo-image Pods/SDWebImage » SDCallbackQueue.m
[RUN_FASTLANE] › Compiling expo-image Pods/SDWebImage » SDDiskCache.m
[RUN_FASTLANE] › Compiling expo-image Pods/SDWebImage » SDAsyncBlockOperation.m
[RUN_FASTLANE] › Compiling expo-image Pods/SDWebImage » SDAssociatedObject.m
[RUN_FASTLANE] › Compiling expo-image Pods/SDWebImage » SDAnimatedImageView.m
[RUN_FASTLANE] › Compiling expo-image Pods/SDWebImage » SDAnimatedImageView+WebCache.m
[RUN_FASTLANE] › Compiling expo-image Pods/SDWebImage » SDAnimatedImageRep.m
[RUN_FASTLANE] › Compiling expo-image Pods/SDWebImage » SDAnimatedImage.m
[RUN_FASTLANE] › Compiling expo-image Pods/SDWebImage » SDAnimatedImagePlayer.m
[RUN_FASTLANE] › Compiling expo-image Pods/SDWebImage » NSImage+Compatibility.m
[RUN_FASTLANE] › Compiling expo-image Pods/SDWebImage » NSData+ImageContentType.m
[RUN_FASTLANE] › Preparing react-native-purchases Pods/RevenueCat-RevenueCat » ResourceBundle-RevenueCat-RevenueCat-Info.plist
[RUN_FASTLANE] › Compiling expo-image Pods/SDWebImage » NSBezierPath+SDRoundedCorners.m
[RUN_FASTLANE] › Copying   react-native-purchases ios/build/Build/Intermediates.noindex/ArchiveIntermediates/ItsAdventureTime/IntermediateBuildFilesPath/UninstalledProducts/iphoneos/RevenueCat.bundle/PrivacyInfo.xcprivacy ➜ ../../../var/folders/qt/kpfgjxmx6m5clksryb0r58gw0000gn/T/eas-build-local-nodejs/5579abcf-f9de-472f-99c1-cded4323ccb7/build/ios/Pods/RevenueCat/Sources/PrivacyInfo.xcprivacy
[RUN_FASTLANE] › Compiling expo-image Pods/SDWebImage » NSButton+WebCache.m
[RUN_FASTLANE] › Preparing Pods/React-cxxreact-React-cxxreact_privacy » ResourceBundle-React-cxxreact_privacy-React-cxxreact-Info.plist
[RUN_FASTLANE] › Copying   ios/build/Build/Intermediates.noindex/ArchiveIntermediates/ItsAdventureTime/IntermediateBuildFilesPath/UninstalledProducts/iphoneos/React-cxxreact_privacy.bundle/PrivacyInfo.xcprivacy ➜ ../../../var/folders/qt/kpfgjxmx6m5clksryb0r58gw0000gn/T/eas-build-local-nodejs/5579abcf-f9de-472f-99c1-cded4323ccb7/build/node_modules/react-native/ReactCommon/cxxreact/PrivacyInfo.xcprivacy
[RUN_FASTLANE] › Executing react-native Pods/React-Core-prebuilt » [CP] Copy XCFrameworks
[RUN_FASTLANE] › Preparing Pods/React-Core-React-Core_privacy » ResourceBundle-React-Core_privacy-React-Core-Info.plist
[RUN_FASTLANE] › Copying   ios/build/Build/Intermediates.noindex/ArchiveIntermediates/ItsAdventureTime/IntermediateBuildFilesPath/UninstalledProducts/iphoneos/React-Core_privacy.bundle/PrivacyInfo.xcprivacy ➜ ../../../var/folders/qt/kpfgjxmx6m5clksryb0r58gw0000gn/T/eas-build-local-nodejs/5579abcf-f9de-472f-99c1-cded4323ccb7/build/node_modules/react-native/React/Resources/PrivacyInfo.xcprivacy
[RUN_FASTLANE] › Preparing expo-updates Pods/ReachabilitySwift-ReachabilitySwift » ResourceBundle-ReachabilitySwift-ReachabilitySwift-Info.plist
[RUN_FASTLANE] › Copying   expo-updates ios/build/Build/Intermediates.noindex/ArchiveIntermediates/ItsAdventureTime/IntermediateBuildFilesPath/UninstalledProducts/iphoneos/ReachabilitySwift.bundle/PrivacyInfo.xcprivacy ➜ ../../../var/folders/qt/kpfgjxmx6m5clksryb0r58gw0000gn/T/eas-build-local-nodejs/5579abcf-f9de-472f-99c1-cded4323ccb7/build/ios/Pods/ReachabilitySwift/Sources/PrivacyInfo.xcprivacy
[RUN_FASTLANE] › Creating  expo-image Pods/SDWebImage-SDWebImage » SDWebImage.bundle
[RUN_FASTLANE] › Preparing Pods/RNCAsyncStorage-RNCAsyncStorage_resources » ResourceBundle-RNCAsyncStorage_resources-RNCAsyncStorage-Info.plist
[RUN_FASTLANE] › Copying   ios/build/Build/Intermediates.noindex/ArchiveIntermediates/ItsAdventureTime/IntermediateBuildFilesPath/UninstalledProducts/iphoneos/RNCAsyncStorage_resources.bundle/PrivacyInfo.xcprivacy ➜ ../../../var/folders/qt/kpfgjxmx6m5clksryb0r58gw0000gn/T/eas-build-local-nodejs/5579abcf-f9de-472f-99c1-cded4323ccb7/build/node_modules/@react-native-async-storage/async-storage/ios/PrivacyInfo.xcprivacy
[RUN_FASTLANE] › Packaging expo-image Pods/SDWebImage » libSDWebImage.a
[RUN_FASTLANE] › Creating  react-native-purchases Pods/RevenueCat-RevenueCat » RevenueCat.bundle
[RUN_FASTLANE] › Creating  Pods/React-cxxreact-React-cxxreact_privacy » React-cxxreact_privacy.bundle
[RUN_FASTLANE] › Creating  Pods/React-Core-React-Core_privacy » React-Core_privacy.bundle
[RUN_FASTLANE] › Preparing react-native-purchases Pods/PurchasesHybridCommon-PurchasesHybridCommon » ResourceBundle-PurchasesHybridCommon-PurchasesHybridCommon-Info.plist
[RUN_FASTLANE] › Copying   react-native-purchases ios/build/Build/Intermediates.noindex/ArchiveIntermediates/ItsAdventureTime/IntermediateBuildFilesPath/UninstalledProducts/iphoneos/PurchasesHybridCommon.bundle/PrivacyInfo.xcprivacy ➜ ../../../var/folders/qt/kpfgjxmx6m5clksryb0r58gw0000gn/T/eas-build-local-nodejs/5579abcf-f9de-472f-99c1-cded4323ccb7/build/ios/Pods/PurchasesHybridCommon/ios/PurchasesHybridCommon/PurchasesHybridCommon/PrivacyInfo.xcprivacy
[RUN_FASTLANE] › Creating  expo-updates Pods/ReachabilitySwift-ReachabilitySwift » ReachabilitySwift.bundle
[RUN_FASTLANE] › Preparing Pods/ExpoSystemUI-ExpoSystemUI_privacy » ResourceBundle-ExpoSystemUI_privacy-ExpoSystemUI-Info.plist
[RUN_FASTLANE] › Copying   ios/build/Build/Intermediates.noindex/ArchiveIntermediates/ItsAdventureTime/IntermediateBuildFilesPath/UninstalledProducts/iphoneos/ExpoSystemUI_privacy.bundle/PrivacyInfo.xcprivacy ➜ ../../../var/folders/qt/kpfgjxmx6m5clksryb0r58gw0000gn/T/eas-build-local-nodejs/5579abcf-f9de-472f-99c1-cded4323ccb7/build/node_modules/expo-system-ui/ios/PrivacyInfo.xcprivacy
[RUN_FASTLANE] › Packaging expo-image Pods/SDWebImageWebPCoder » libSDWebImageWebPCoder.a
[RUN_FASTLANE] › Packaging expo-image Pods/SDWebImageSVGCoder » libSDWebImageSVGCoder.a
[RUN_FASTLANE] › Packaging expo-image Pods/SDWebImageAVIFCoder » libSDWebImageAVIFCoder.a
[RUN_FASTLANE] › Creating  Pods/RNCAsyncStorage-RNCAsyncStorage_resources » RNCAsyncStorage_resources.bundle
[ABORT] Received termination signal.
[RUN_FASTLANE] Process crashed
[RUN_FASTLANE] +---------------------------------------+
[RUN_FASTLANE] |           Build environment           |
[RUN_FASTLANE] +-------------+-------------------------+
[RUN_FASTLANE] | xcode_path  | /Applications/Xcode.app |
[RUN_FASTLANE] | gym_version | 2.237.0                 |
[RUN_FASTLANE] | sdk         | iPhoneOS26.5.sdk        |
[RUN_FASTLANE] +-------------+-------------------------+
[RUN_FASTLANE] 
[RUN_FASTLANE] 
[RUN_FASTLANE] Looks like fastlane ran into a build/archive error with your project
[RUN_FASTLANE] It's hard to tell what's causing the error, so we wrote some guides on how
[RUN_FASTLANE] to troubleshoot build and signing issues: https://docs.fastlane.tools/codesigning/getting-started/
[RUN_FASTLANE] Before submitting an issue on GitHub, please follow the guide above and make
[RUN_FASTLANE] sure your project is set up correctly.
[RUN_FASTLANE] fastlane uses `xcodebuild` commands to generate your binary, you can see the
[RUN_FASTLANE] the full commands printed out in yellow in the above log.
[RUN_FASTLANE] Make sure to inspect the output above, as usually you'll find more error information there
[RUN_FASTLANE] [!] Error building the application - see the log above
[RUN_FASTLANE] Failed to read Xcode logs
Error: ENOENT: no such file or directory, open '/var/folders/qt/kpfgjxmx6m5clksryb0r58gw0000gn/T/eas-build-local-nodejs/5579abcf-f9de-472f-99c1-cded4323ccb7/logs/ItsAdventureTime-ItsAdventureTime.log'
[RUN_FASTLANE] Error: The "Run fastlane" step failed with an unknown error. Refer to "Xcode Logs" below for additional, more detailed logs.
[CLEAN_UP_CREDENTIALS] Destroying keychain - /var/folders/qt/kpfgjxmx6m5clksryb0r58gw0000gn/T/eas-build-d823cee9-6645-465e-b974-05bb0484852f.keychain
[CLEAN_UP_CREDENTIALS] Removing provisioning profile
[CLEAN_UP_CREDENTIALS] 
Error: ENOENT: no such file or directory, scandir '/var/folders/qt/kpfgjxmx6m5clksryb0r58gw0000gn/T/eas-build-local-nodejs/5579abcf-f9de-472f-99c1-cded4323ccb7/env'
[ON_BUILD_ERROR_HOOK] 
Error: package.json does not exist in /var/folders/qt/kpfgjxmx6m5clksryb0r58gw0000gn/T/eas-build-local-nodejs/5579abcf-f9de-472f-99c1-cded4323ccb7/build
    at readPackageJson (/Users/sinjin/.npm/_npx/756654f2afba6a4f/node_modules/@expo/build-tools/dist/utils/project.js:71:15)
    at runHookIfPresent (/Users/sinjin/.npm/_npx/756654f2afba6a4f/node_modules/@expo/build-tools/dist/utils/hooks.js:26:55)
    at /Users/sinjin/.npm/_npx/756654f2afba6a4f/node_modules/@expo/build-tools/dist/builders/common.js:20:52
    at BuildContext.runBuildPhase (/Users/sinjin/.npm/_npx/756654f2afba6a4f/node_modules/@expo/build-tools/dist/context.js:126:34)
    at runBuilderWithHooksAsync (/Users/sinjin/.npm/_npx/756654f2afba6a4f/node_modules/@expo/build-tools/dist/builders/common.js:19:23)
    at async Object.iosBuilder (/Users/sinjin/.npm/_npx/756654f2afba6a4f/node_modules/@expo/build-tools/dist/builders/ios.js:40:16)
    at async buildIosAsync (/Users/sinjin/.npm/_npx/756654f2afba6a4f/node_modules/eas-cli-local-build-plugin/dist/ios.js:43:12)
    at async buildAsync (/Users/sinjin/.npm/_npx/756654f2afba6a4f/node_modules/eas-cli-local-build-plugin/dist/build.js:58:29)
    at async main (/Users/sinjin/.npm/_npx/756654f2afba6a4f/node_modules/eas-cli-local-build-plugin/dist/main.js:16:9)
[ON_BUILD_COMPLETE_HOOK] 
Error: package.json does not exist in /var/folders/qt/kpfgjxmx6m5clksryb0r58gw0000gn/T/eas-build-local-nodejs/5579abcf-f9de-472f-99c1-cded4323ccb7/build
    at readPackageJson (/Users/sinjin/.npm/_npx/756654f2afba6a4f/node_modules/@expo/build-tools/dist/utils/project.js:71:15)
    at runHookIfPresent (/Users/sinjin/.npm/_npx/756654f2afba6a4f/node_modules/@expo/build-tools/dist/utils/hooks.js:26:55)
    at /Users/sinjin/.npm/_npx/756654f2afba6a4f/node_modules/@expo/build-tools/dist/builders/common.js:26:52
    at BuildContext.runBuildPhase (/Users/sinjin/.npm/_npx/756654f2afba6a4f/node_modules/@expo/build-tools/dist/context.js:126:34)
    at runBuilderWithHooksAsync (/Users/sinjin/.npm/_npx/756654f2afba6a4f/node_modules/@expo/build-tools/dist/builders/common.js:25:23)
    at async Object.iosBuilder (/Users/sinjin/.npm/_npx/756654f2afba6a4f/node_modules/@expo/build-tools/dist/builders/ios.js:40:16)
    at async buildIosAsync (/Users/sinjin/.npm/_npx/756654f2afba6a4f/node_modules/eas-cli-local-build-plugin/dist/ios.js:43:12)
    at async buildAsync (/Users/sinjin/.npm/_npx/756654f2afba6a4f/node_modules/eas-cli-local-build-plugin/dist/build.js:58:29)
    at async main (/Users/sinjin/.npm/_npx/756654f2afba6a4f/node_modules/eas-cli-local-build-plugin/dist/main.js:16:9)

Build failed
